time,open,high,low,close,symbol,涨跌幅,上涨,下跌,ApzUpper_2,Atr_2,Lcsd_2,KcUpper_2,Bias_2,Dc_2,Sgcz_2,上涨数量,下跌数量,上涨比例,rank_Dc_2,rank_Sgcz_2,rank_sum,rank
2022-01-01 11:59:00,13.529000000000002,14.25,12.713,12.936,ANT-USDT,-0.0443262411347517,0,1,0.9999999961044825,0.13935478996675732,-0.04113899155105888,,-0.022665457842248493,0.17175950621047012,-0.08894992598848514,118,23,0.8368794326241135,1.0,1.0,2.0,1.0
2022-01-02 11:59:00,2.5807,2.5997,2.4604,2.4625,FTM-USDT,-0.04561661886675461,0,1,0.0,0.0851329644833125,-0.024772394631879597,,-0.023340670672457375,0.12276726478453466,-0.050785390572283616,59,82,0.41843971631205673,5.0,6.0,11.0,1.0
2022-01-02 23:59:00,0.9028,0.9174,0.865,0.875,CHR-USDT,-0.03100775193798455,0,1,0.0,0.07176602924634418,-0.02774566441912529,,-0.015748031496062964,0.11557104732857684,-0.07333862776448372,104,37,0.7375886524822695,6.0,1.0,7.0,1.0
2022-01-03 11:59:00,0.39536,0.4132,0.37658,0.37954,CVC-USDT,-0.039941314850884146,0,1,0.9999997914863629,0.1163033799217933,-0.028825215656030037,,-0.0203776117284189,0.13756352081504458,-0.10211613058477817,74,67,0.524822695035461,4.0,1.0,5.0,1.0
2022-01-03 23:59:00,13.268,13.27,11.6,11.969,ANT-USDT,-0.09736048265460029,0,1,0.9999999977273931,0.1162551032541916,-0.08745689647633026,,-0.05117127115620912,0.18039215686274515,-0.11895472939348208,27,114,0.19148936170212766,2.0,1.0,3.0,1.0
2022-01-04 11:59:00,8.521,8.783,8.1,8.686,SUSHI-USDT,0.019363924422016066,1,0,0.0,0.09478700528854539,-0.06216049375041901,,0.00958912070668938,0.14687714481811948,-0.04376066489375139,112,29,0.7943262411347518,6.0,4.0,10.0,1.0
2022-01-04 23:59:00,12.084,12.25,11.005999999999998,11.048,ANT-USDT,-0.08573320092684533,0,1,0.0,0.09156147328376285,-0.05088133740606825,,-0.044786443022652556,0.1250425894378196,-0.10629347993343029,18,123,0.1276595744680851,14.0,1.0,15.0,1.0
2022-01-07 23:59:00,10.078,10.35,9.1,9.313,ANT-USDT,-0.07599960313523169,0,1,0.0,0.1382528877887789,-0.06549450542253371,,-0.039500825082508295,0.1927411747182365,-0.1292599690250478,20,122,0.14084507042253522,3.0,2.0,5.0,1.0
2022-01-08 11:59:00,38.573,40.342,37.842,38.114,ATOM-USDT,-0.011976358357528083,0,1,0.0,0.1064936758377885,-0.013292109293036472,,-0.00602425348806912,0.15048508100975053,-0.09620355218130863,120,22,0.8450704225352113,5.0,1.0,6.0,1.0
2022-01-09 11:59:00,8.079,8.42,7.822,8.162,ANT-USDT,0.010398613518197708,1,0,0.0,0.16668719211822658,-0.03809767318064743,,0.005172413793103514,0.238588155438656,-0.10866004137964384,127,15,0.8943661971830986,2.0,1.0,3.0,1.0
2022-01-09 23:59:00,0.09251,0.09352,0.08541,0.08982,PEOPLE-USDT,-0.029287798551821065,0,1,0.0,0.0963531669865643,-0.06749794315677994,,-0.014861530024677938,0.1485937245976264,-0.06748338169815396,89,53,0.6267605633802817,1.0,5.0,6.0,1.0
2022-01-11 11:59:00,0.07916,0.08094,0.07826,0.07996,ARPA-USDT,0.009978527219906441,1,0,0.0,0.10312323257713754,-0.01667518314909493,,0.004964494438509437,0.1647764776477636,-0.06550574820244802,109,33,0.7676056338028169,7.0,4.0,11.0,1.0
2022-01-13 11:59:00,0.51926,0.5388,0.496,0.50492,ROSE-USDT,-0.0276723988522789,0,1,0.9999997790048439,0.1291727282490895,-0.032469757409884,,-0.014030325812089295,0.18292312367061672,-0.06218424847354656,36,106,0.2535211267605634,3.0,2.0,5.0,1.0
2022-01-14 11:59:00,0.0793,0.07956,0.0724,0.07456,PEOPLE-USDT,-0.05989156474593371,0,1,0.0,0.11607200883863002,-0.06263811289528824,,-0.030870215116656996,0.19451371571072307,-0.11005011816064468,30,112,0.2112676056338028,3.0,1.0,4.0,1.0
2022-01-15 11:59:00,0.35602,0.3563699999999999,0.34,0.34362,ONE-USDT,-0.034612575153115666,0,1,0.0,0.06374006518382962,-0.028764705036332234,,-0.017611069815312685,0.10801035029631886,-0.06522123355265343,108,34,0.7605633802816901,14.0,1.0,15.0,1.0
2022-01-15 23:59:00,8.298,8.355,8.142000000000001,8.234,QTUM-USDT,-0.00771270185586892,0,1,0.0,0.09514880232276805,-0.01522967328023721,,-0.003871279941929484,0.16173147817814248,-0.0559504700115218,70,72,0.49295774647887325,3.0,3.0,6.0,1.0
2022-01-16 11:59:00,0.09776,0.10199,0.09147,0.09257,CELR-USDT,-0.053089198036006535,0,1,0.9999997820106807,0.12756790836967427,-0.04039575375579404,,-0.027268428518888443,0.16389964461889472,-0.08477926889324519,48,94,0.3380281690140845,1.0,1.0,2.0,1.0
2022-01-16 23:59:00,0.09257,0.09357,0.0906,0.09246,CELR-USDT,-0.0011882899427460014,0,1,0.0,0.07290709614657083,-0.021136863009176422,,-0.0005944981894829837,0.11828236149332778,-0.05440784880263337,101,41,0.7112676056338029,5.0,2.0,7.0,1.0
2022-01-17 23:59:00,0.07589,0.07597,0.06455,0.06759,PEOPLE-USDT,-0.1101895734597157,0,1,0.9999996500067371,0.11995820271682339,-0.11192872007301022,,-0.05830721003134809,0.2221304138263445,-0.1370571162391171,17,125,0.11971830985915492,1.0,1.0,2.0,1.0
2022-01-18 23:59:00,12.224,12.617,11.03,11.384,GTC-USDT,-0.06909804562924182,0,1,0.9999999967616102,0.13107186719180122,-0.07039891199419866,,-0.03578537246432045,0.18428741923535955,-0.1204512090547389,95,47,0.6690140845070423,1.0,2.0,3.0,1.0
2022-01-19 23:59:00,1.4267,1.4427,1.3253,1.3353,ADA-USDT,-0.06406392374009962,0,1,0.0,0.10760318609703116,-0.042028219708532495,,-0.033091962346126214,0.14500664847085173,-0.1023796712666062,16,126,0.11267605633802817,3.0,1.0,4.0,1.0
2022-01-22 23:59:00,6.159,6.771,5.983,6.4510000000000005,DYDX-USDT,0.04741029387887652,1,0,0.0,0.30975416336241074,-0.05381915418047974,,0.023156225218080806,0.45273704080151017,-0.15213248320676573,89,53,0.6267605633802817,1.0,4.0,5.0,1.0
2022-01-23 23:59:00,0.03833,0.03945,0.03394,0.03744,PEOPLE-USDT,-0.022964509394571953,0,1,0.0,0.13476768743400216,-0.11608717852469694,,-0.011615628299894265,0.20991561181434606,-0.0795328630527688,74,68,0.5211267605633803,1.0,1.0,2.0,1.0
2022-01-25 11:59:00,6.093999999999999,6.425,5.742999999999999,5.957999999999999,UNFI-USDT,-0.022637795275590733,0,1,0.0,0.22847187655550052,-0.04945150609532987,,-0.011448481831756174,0.40142029527191175,-0.06716768425369073,58,84,0.4084507042253521,1.0,3.0,4.0,1.0
2022-01-25 23:59:00,5.962000000000001,6.069,5.6,5.761,UNFI-USDT,-0.033064786841221716,0,1,0.0,0.09821657137981073,-0.046339285631535894,,-0.016810308046760536,0.13721413721413725,-0.07779734259997194,121,21,0.852112676056338,8.0,1.0,9.0,1.0
2022-01-26 23:59:00,11.206,11.338,10.062,10.243,WAVES-USDT,-0.08593610565768328,0,1,0.9999998469950692,0.23036038976176032,-0.0658417808926248,,-0.044897198004569705,0.36127951106510925,-0.1213381941914321,15,127,0.1056338028169014,1.0,1.0,2.0,1.0
2022-01-27 11:59:00,2.245,2.2722,2.0861,2.1892,FTM-USDT,-0.024898668210770025,0,1,0.0,0.13312134948018853,-0.06282057397622087,,-0.01260627381999424,0.21081521506068013,-0.09721849894959307,58,84,0.4084507042253521,4.0,1.0,5.0,1.0
2022-01-27 23:59:00,1.0501,1.0689,0.9234,0.9612,LRC-USDT,-0.08457142857142852,0,1,0.9999998967247834,0.14692720763723144,-0.08901884244077499,,-0.04415274463007157,0.1990345701886976,-0.12474958910262622,51,91,0.3591549295774648,3.0,1.0,4.0,1.0
2022-01-28 11:59:00,54.086,55.724,48.58,49.152,LUNA-USDT,-0.09114106617851003,0,1,0.0,0.1796324818614203,-0.06250514613781265,,-0.04774636017552503,0.23634053367217284,-0.16211516822438435,38,104,0.2676056338028169,1.0,1.0,2.0,1.0
2022-01-29 23:59:00,42.881,43.66,40.83,41.522,ZEN-USDT,-0.031918118020097586,0,1,0.9999999909638302,0.09288853612595221,-0.03371295615142925,,-0.016217881132052803,0.12164245226911365,-0.049404761893451166,93,49,0.6549295774647887,7.0,4.0,11.0,1.0
2022-01-30 11:59:00,0.09081,0.09764,0.07935,0.09258,PEOPLE-USDT,0.019603524229074853,1,0,0.9999998953633183,0.3039044606827353,-0.15551352797561072,,0.00970662013305712,0.50294796206101,-0.04300185621233653,101,41,0.7112676056338029,1.0,4.0,5.0,1.0
2022-02-01 11:59:00,0.09736,0.1048,0.0867,0.08982,PEOPLE-USDT,-0.07753928314675984,0,1,0.9999996480491691,0.24296169667183085,-0.07952709578695533,,-0.040333351140552254,0.3496440782467351,-0.12707127391308873,104,38,0.7323943661971831,1.0,1.0,2.0,1.0
2022-02-01 23:59:00,0.08982,0.0903,0.0825299999999999,0.0861,PEOPLE-USDT,-0.04141616566466266,0,1,0.0,0.14705547976352956,-0.06579424866179097,,-0.021145975443383258,0.23776223776223906,-0.11737569273442415,63,79,0.44366197183098594,1.0,1.0,2.0,1.0
2022-02-02 11:59:00,45.2,45.724,44.38,45.377,FTTBUSD,0.003938140224341247,1,0,0.0,0.09493684861331918,-0.020459666511838608,,0.0019652004946124624,0.156585550099822,-0.05152376571808728,104,38,0.7323943661971831,3.0,4.0,7.0,1.0
2022-02-03 11:59:00,5.76,5.824,5.432,5.575,MASK-USDT,-0.03194999131793719,0,1,0.0,0.11249338274219159,-0.04326215014126987,,-0.016234339156520172,0.18418853418017705,-0.09775044489763697,41,101,0.2887323943661972,3.0,1.0,4.0,1.0
2022-02-05 23:59:00,0.9997,1.0132,0.935,0.9588,LRC-USDT,-0.040912273682104705,0,1,0.9999998770717786,0.10380393158029101,-0.04732620270239344,,-0.02088332907837631,0.1289225537177306,-0.06280240396068247,28,114,0.19718309859154928,10.0,6.0,16.0,1.0
2022-02-06 11:59:00,0.10893,0.114,0.0972,0.09946,PEOPLE-USDT,-0.08685273595299303,0,1,0.999999724691864,0.193828582397543,-0.07191357284839797,,-0.04539783088588156,0.2291737504250255,-0.130328323321967,96,46,0.676056338028169,2.0,1.0,3.0,1.0
2022-02-06 23:59:00,0.09945,0.10081,0.08845,0.09287,PEOPLE-USDT,-0.06625779207721705,0,1,0.0,0.15161441272812357,-0.08722441071515989,,-0.03426402537305684,0.2524080019757965,-0.1353288827029578,126,16,0.8873239436619719,2.0,1.0,3.0,1.0
2022-02-07 11:59:00,0.028474,0.029568,0.02705,0.0280589999999999,1000SHIB-USDT,-0.01474770883809473,0,1,0.9999986934484727,0.16141356255969472,-0.04506467834946957,,-0.007428632070467178,0.2850077279752705,-0.03854850652806433,120,22,0.8450704225352113,1.0,3.0,4.0,1.0
2022-02-07 23:59:00,0.37121,0.37699,0.34567,0.3479,GALA-USDT,-0.06284513643832668,0,1,0.0,0.15680057847677056,-0.040197296838103046,,-0.03244197850180086,0.23724073642507576,-0.08566472396050645,124,18,0.8732394366197183,3.0,2.0,5.0,1.0
2022-02-08 11:59:00,0.09006,0.09147,0.0805,0.08381,PEOPLE-USDT,-0.06960479573712253,0,1,0.0,0.13399275403990968,-0.08006210185563943,,-0.03605727758928057,0.2149786573535108,-0.12405935158242519,17,125,0.11971830985915492,4.0,1.0,5.0,1.0
2022-02-08 23:59:00,21.051,21.051,19.212,20.093,ENS-USDT,-0.04541783457646442,0,1,0.0,0.11243984249671872,-0.0707370393135867,,-0.023236595206844513,0.19922671353251326,-0.09722783838916833,61,81,0.4295774647887324,2.0,2.0,4.0,1.0
2022-02-09 11:59:00,0.38083,0.3957,0.35252,0.35965,GALA-USDT,-0.055640163848335256,0,1,0.9999986880307516,0.14293238261151398,-0.05028083370359614,,-0.0286161865791571,0.21265412251516766,-0.07544986952571052,91,51,0.6408450704225352,2.0,2.0,4.0,1.0
2022-02-09 23:59:00,0.7184,0.7956,0.7022,0.7332,KEEP-USDT,0.020459290187891277,1,0,0.9999999664221337,0.18220017910036507,-0.03367986280717932,,0.010126059103120477,0.3529759704251387,-0.037542661623225705,125,17,0.8802816901408451,1.0,10.0,11.0,1.0
2022-02-10 11:59:00,0.7329,0.7563,0.691,0.6996,KEEP-USDT,-0.04582651391162029,0,1,0.0,0.11076214405360132,-0.03675832074155828,,-0.02345058626465657,0.14072379927351006,-0.0983955139068816,75,68,0.5244755244755245,4.0,1.0,5.0,1.0
2022-02-11 11:59:00,0.10402,0.1077,0.0964,0.09851,ARPA-USDT,-0.052970582580272985,0,1,0.9999986797894976,0.2120673480472029,-0.05046679974410785,,-0.027205846047499094,0.3218262240073212,-0.11200251390431214,100,44,0.6944444444444444,1.0,1.0,2.0,1.0
2022-02-12 11:59:00,1.567,1.567,1.465,1.544,LIT-USDT,-0.01467772814294821,0,1,0.0,0.16747026679524277,-0.061774743605632405,,-0.007393121182898699,0.28554710356933877,-0.12272727202995823,62,82,0.4305555555555556,1.0,3.0,4.0,1.0
2022-02-12 23:59:00,4.7512,4.8301,4.1825,4.2603,BAND-USDT,-0.10364198699741223,0,1,0.9999999653616422,0.19969600142013968,-0.0774895395636811,,-0.054653175342828764,0.25276111299998905,-0.14495589578638174,69,75,0.4791666666666667,2.0,1.0,3.0,1.0
2022-02-13 11:59:00,0.09569,0.10165,0.09175,0.0926,ARPA-USDT,-0.03259506895110742,0,1,0.0,0.17119796091758718,-0.026267027109860758,,-0.01656754460492771,0.23814092314252253,-0.10371193885573805,112,32,0.7777777777777778,1.0,1.0,2.0,1.0
2022-02-14 11:59:00,25.019,25.172,24.0,24.283,HNT-USDT,-0.029844186975629294,0,1,0.0,0.08107395615760545,-0.027354166655269147,,-0.01514813538012294,0.14686124623581184,-0.08324524309753671,24,118,0.16901408450704225,1.0,2.0,3.0,1.0
2022-02-16 11:59:00,4.6302,4.8924,4.4683,4.5226,BAND-USDT,-0.023280926053904638,0,1,0.9999999833620609,0.07736261335081407,-0.024215025794562098,,-0.01177755927018298,0.09715479826394481,-0.05931048815077547,35,107,0.24647887323943662,8.0,3.0,11.0,1.0
2022-02-16 23:59:00,0.06934,0.0717,0.06604,0.06946,PEOPLE-USDT,0.0018750901485660165,1,0,0.0,0.08228258520066294,-0.05080253622008751,,0.0009366669068384681,0.11717747683535289,-0.04823238582729722,38,104,0.2676056338028169,3.0,5.0,8.0,1.0
2022-02-18 11:59:00,0.21398,0.21402,0.20009,0.20157,BLZ-USDT,-0.05773186237845873,0,1,0.0,0.10917230258249336,-0.03825778208517102,,-0.02972394040770987,0.19450021430666162,-0.11828003506933066,82,60,0.5774647887323944,1.0,1.0,2.0,1.0
2022-02-19 23:59:00,6.872999999999999,6.9910000000000005,6.597,6.754,QTUM-USDT,-0.01760000000000006,0,1,0.0,0.07997652065448686,-0.03296953155529699,,-0.008878127522193968,0.13472821092811188,-0.07104050605729886,127,15,0.8943661971830986,1.0,1.0,2.0,1.0
2022-02-20 23:59:00,4.994,5.05,4.671,4.732,UNFI-USDT,-0.05208333333333326,0,1,0.0,0.09605100781571384,-0.04089060149670041,,-0.026737967914437277,0.16084260261836797,-0.10191687207835065,26,116,0.18309859154929578,1.0,2.0,3.0,1.0
2022-02-21 11:59:00,4.3781,4.6036,4.2318,4.2537,BAND-USDT,-0.028702561994793818,0,1,0.0,0.09962817527886873,-0.02002693884392532,,-0.014560239079818849,0.1361404126935189,-0.10008885482760158,18,124,0.1267605633802817,2.0,1.0,3.0,1.0
2022-02-25 11:59:00,7.041,7.424,6.642,6.831,API3-USDT,-0.03120124804992197,0,1,0.0,0.17879268116986025,-0.04501656120894832,,-0.015847860538827252,0.2860662047729023,-0.06997957784890461,121,22,0.8461538461538461,2.0,1.0,3.0,1.0
2022-02-26 11:59:00,3.1663,3.5296,3.0843,3.1124,SAND-USDT,-0.01705406771096507,0,1,0.9999999945485715,0.10162769956042557,-0.017864669397060495,,-0.008600369497356208,0.1572264580500252,-0.07609647472772867,54,89,0.3776223776223776,6.0,3.0,9.0,1.0
2022-02-26 23:59:00,2.6725,2.7245,2.6427,2.6796,MANA-USDT,0.0025816589965204084,1,0,0.0,0.09272649141490559,-0.012657509317525847,,0.0012891654055264823,0.1477159228302581,-0.07419627870092987,77,66,0.5384615384615384,2.0,1.0,3.0,1.0
2022-02-27 11:59:00,12.254,13.42,11.469,12.103,WAVES-USDT,-0.011838667537557135,0,1,0.9999999989782165,0.1567492094780501,-0.06160083698526453,,-0.005954580920702002,0.20090200902009014,-0.07807739177477374,104,39,0.7272727272727273,1.0,1.0,2.0,1.0
2022-02-28 11:59:00,0.06037,0.06195,0.0580899999999999,0.0601,PEOPLE-USDT,-0.004637297118251116,0,1,0.0,0.12408698539176712,-0.03701152745541113,,-0.0023240371845949515,0.18907333800951004,-0.09056516750167726,126,17,0.8811188811188811,1.0,1.0,2.0,1.0
2022-03-01 11:59:00,0.07034,0.07508,0.06652,0.06776,PEOPLE-USDT,-0.036678987773670735,0,1,0.9999971163517308,0.1597393193338161,-0.038033668365353594,,-0.018682114409847905,0.247399536032328,-0.0789097969265554,77,66,0.5384615384615384,6.0,1.0,7.0,1.0
2022-03-01 23:59:00,17.091,19.825,16.9,17.437,WAVES-USDT,0.02018488181605438,1,0,0.9999999993004446,0.13814474789307532,-0.021568047324516344,,0.009991601262706373,0.21014492753623187,-0.0755732272627842,113,30,0.7902097902097902,3.0,1.0,4.0,1.0
2022-03-02 11:59:00,5.506,5.94,5.266,5.383,RUNE-USDT,-0.022339266254994605,0,1,0.9999999958483079,0.14289650105611168,-0.033896695719907464,,-0.011295803104049873,0.2330827067669173,-0.06561360863458887,68,75,0.4755244755244755,2.0,3.0,5.0,1.0
2022-03-02 23:59:00,0.07011,0.071,0.0634,0.06548,PEOPLE-USDT,-0.0661722760981176,0,1,0.0,0.09697640117994097,-0.0694006199683565,,-0.034218289085545806,0.12924166420773095,-0.08521932310431374,18,125,0.1258741258741259,6.0,2.0,8.0,1.0
2022-03-03 11:59:00,0.571,0.5719,0.5361,0.5469,ZRX-USDT,-0.04220665499124321,0,1,0.0,0.09142141515341252,-0.04262264423386315,,-0.02155827891582507,0.13805678562125556,-0.07890526182896392,36,107,0.2517482517482518,2.0,2.0,4.0,1.0
2022-03-04 11:59:00,18.304,20.95,17.883,18.999,WAVES-USDT,0.03796984265734271,1,0,0.9999999993253109,0.1309278074149531,-0.042973773951253645,,0.018631209286116057,0.16107486396575277,-0.06395033745679156,37,106,0.25874125874125875,2.0,4.0,6.0,1.0
2022-03-05 11:59:00,5.557,5.559,5.22,5.2860000000000005,UNFI-USDT,-0.048767320496670874,0,1,0.0,0.14202711426726936,-0.03860153249309954,,-0.0249930830950833,0.2511098081916408,-0.13894771112730417,110,33,0.7692307692307693,1.0,1.0,2.0,1.0
2022-03-05 23:59:00,1.2596,1.2835,1.2135,1.2265,TOMO-USDT,-0.02627818355033351,0,1,0.0,0.07465508225735083,-0.02435105047918428,,-0.013314025984474287,0.12086252951879517,-0.07542120481383148,127,16,0.8881118881118881,6.0,1.0,7.0,1.0
2022-03-07 11:59:00,4.692,4.884,4.424,4.444,RUNE-USDT,-0.052654018332978,0,1,0.0,0.09775588396278051,-0.03243670878743932,,-0.02703886152161994,0.12997992180069728,-0.10430313392259823,58,85,0.40559440559440557,2.0,1.0,3.0,1.0
2022-03-07 23:59:00,4.444,4.707,4.182,4.266,RUNE-USDT,-0.04005400540054005,0,1,0.0,0.11308840413318022,-0.041367766519923625,,-0.020436280137772322,0.1548643282594308,-0.1104160147838269,38,105,0.26573426573426573,5.0,1.0,6.0,1.0
2022-03-08 23:59:00,1.595,1.6281,1.46,1.5193,IMX-USDT,-0.047042589224110865,0,1,0.0,0.15782374100719426,-0.06630136940889474,,-0.024087872559095502,0.22734861132190015,-0.12245133643821787,33,111,0.22916666666666666,4.0,1.0,5.0,1.0
2022-03-09 23:59:00,1.7126,1.7618,1.5277,1.6029,IMX-USDT,-0.06427320490367783,0,1,0.9999999465243555,0.1621580867939322,-0.08525888534883232,,-0.033203655116258,0.2113719091251412,-0.08153793214796055,65,79,0.4513888888888889,5.0,2.0,7.0,1.0
2022-03-10 23:59:00,0.8661,0.9345,0.815,0.8668,ICX-USDT,0.0010393809908766372,1,0,0.9999998277845015,0.2019968834766548,-0.06300613419624458,,0.0005194205575107524,0.2755884686590849,-0.13751243644266203,110,34,0.7638888888888888,1.0,1.0,2.0,1.0
2022-03-11 11:59:00,1.0339,1.054,0.9765,0.9978,STORJ-USDT,-0.03538283062645009,0,1,0.0,0.17148902667060334,-0.04055299497641556,,-0.018010038382048732,0.26269872043427683,-0.10152626985253939,96,48,0.6666666666666666,1.0,1.0,2.0,1.0
2022-03-12 11:59:00,3.31,3.366,3.258,3.293,ANC-USDT,-0.005135951661631388,0,1,0.0,0.08662729062547328,-0.013351749498613376,,-0.0025745873087990034,0.1414717626925271,-0.07499999978932581,119,25,0.8263888888888888,4.0,4.0,8.0,1.0
2022-03-12 23:59:00,0.1386099999999999,0.14742,0.13258,0.1328,BLZ-USDT,-0.0414320773783744,0,1,0.9999997021880583,0.07975234023734074,-0.02330668099964491,,-0.02115427139382131,0.10599999999999993,-0.08797472096870274,19,125,0.13194444444444445,7.0,1.0,8.0,1.0
2022-03-13 11:59:00,0.1328,0.13685,0.13228,0.1332,BLZ-USDT,0.003012048192771122,1,0,0.0,0.07296992481203016,-0.005442999286133413,,0.0015037593984983388,0.10825884876653548,-0.06286276688621613,82,62,0.5694444444444444,5.0,1.0,6.0,1.0
2022-03-14 23:59:00,0.389,0.4239,0.3724,0.4089,OGN-USDT,0.05142710208279744,1,0,0.9999999335059625,0.1995487590874906,-0.07116004105370466,,0.025068939583855476,0.28846926476496587,-0.039125836232503215,122,22,0.8472222222222222,1.0,5.0,6.0,1.0
2022-03-17 11:59:00,2.562,3.921,2.535,3.018,CELO-USDT,0.17752633632461934,1,0,0.9999999991740304,0.2755778534312847,-0.10078895423751877,,0.081526608134743,0.47108870332440517,-0.07124172927760651,55,90,0.3793103448275862,1.0,4.0,5.0,1.0
2022-03-17 23:59:00,3.016,3.095,2.87,2.928,CELO-USDT,-0.029821073558648048,0,1,0.0,0.27093844601412714,-0.03588850161711315,,-0.015136226034308753,0.4293680297397769,-0.16533637353096806,48,98,0.3287671232876712,2.0,1.0,3.0,1.0
2022-03-18 11:59:00,0.8301299999999999,0.8303799999999999,0.652,0.7116399999999999,GMT-USDT,-0.14273667979714022,0,1,0.9999999860541533,0.2714931539723823,-0.182338954258605,,-0.07685322713504616,0.33171755672480696,-0.15007255328083224,20,126,0.136986301369863,3.0,1.0,4.0,1.0
2022-03-19 23:59:00,0.7441,0.8489,0.6939,0.698,OGN-USDT,-0.062080085998387546,0,1,0.9999999808351471,0.25343225627513527,-0.039198731240831085,,-0.032034391901262005,0.3689130738105204,-0.1507999251681986,98,48,0.6712328767123288,2.0,2.0,4.0,1.0
2022-03-20 23:59:00,11.013,11.48,9.505,9.634,APE-USDT,-0.1252156542268228,0,1,0.0,0.15033661064561435,-0.08611257223975514,,-0.06678936407226221,0.22857941573871307,-0.17791620430248617,47,99,0.3219178082191781,3.0,1.0,4.0,1.0
2022-03-21 11:59:00,0.8136,0.8222,0.705,0.7105,OGN-USDT,-0.1267207472959685,0,1,0.999999925241518,0.17433239288760582,-0.08092198466777333,,-0.06764647988977102,0.19230769230769232,-0.15275458916343201,120,26,0.821917808219178,3.0,1.0,4.0,1.0
2022-03-21 23:59:00,1.086,1.1381,0.9916,1.0081,AUDIO-USDT,-0.07173112338858201,0,1,0.9999999202539265,0.15371758750775977,-0.05591972513191124,,-0.03719975168330114,0.17443733603350672,-0.1306484983559117,50,96,0.3424657534246575,4.0,1.0,5.0,1.0
2022-03-22 23:59:00,0.26416,0.2762,0.2505,0.2529,ROSE-USDT,-0.042589437819420706,0,1,0.9999999056759736,0.10478677110530897,-0.032035926864833274,,-0.02175805047867707,0.1562121862680042,-0.06482268739331128,28,118,0.1917808219178082,8.0,1.0,9.0,1.0
2022-03-23 11:59:00,0.6936,0.724,0.6359,0.6519,OGN-USDT,-0.060121107266435936,0,1,0.9999997711393893,0.1334076551467856,-0.057949362196109945,,-0.030992196209587375,0.16087151171466949,-0.08927074477129436,96,50,0.6575342465753424,4.0,1.0,5.0,1.0
2022-03-23 23:59:00,1.179,1.235,1.0607,1.1697,LRC-USDT,-0.0077197149643706275,0,1,0.9999999849686043,0.25509899936129443,-0.10705194581830943,,-0.003874813710879499,0.42133124203509464,-0.05095334644256952,127,19,0.8698630136986302,1.0,7.0,8.0,1.0
2022-03-24 11:59:00,1.1697,1.205,1.0775,1.0968,LRC-USDT,-0.06232367273659911,0,1,0.0,0.13315684976836545,-0.05174013873095017,,-0.032164129715420375,0.15184910920416442,-0.10098360572964273,89,57,0.6095890410958904,7.0,1.0,8.0,1.0
2022-03-24 23:59:00,0.7550600000000001,0.7719,0.68762,0.70072,GMT-USDT,-0.07220125786163523,0,1,0.999999865369843,0.0936008296874249,-0.05870248016778932,,-0.03745269476706259,0.13731359456055048,-0.10215900951811131,111,35,0.7602739726027398,6.0,1.0,7.0,1.0
2022-03-25 11:59:00,0.0838,0.08876,0.08165,0.08482,ARPA-USDT,0.012292636352786657,1,0,0.9999992556198888,0.13907834648004272,-0.03251683618899729,,0.00610877172172497,0.1954077971777086,-0.06042646796715933,115,31,0.7876712328767124,2.0,1.0,3.0,1.0
2022-03-26 11:59:00,0.7805,0.838,0.76173,0.76313,GMT-USDT,-0.02221738183402311,0,1,0.9999998416811408,0.10239051567763663,-0.013219907142689603,,-0.011233480176211508,0.15675046165526735,-0.0670611311080138,128,18,0.8767123287671232,4.0,1.0,5.0,1.0
2022-03-26 23:59:00,5.874,6.39,5.65,6.053,API3-USDT,0.03029787234042547,1,0,0.9999999969555238,0.14570757880617036,-0.055575221140574525,,0.014922870556673518,0.22454308093994782,-0.03058936574216961,121,25,0.8287671232876712,4.0,11.0,15.0,1.0
2022-03-27 11:59:00,0.17143,0.1764599999999999,0.16154,0.16252,SKL-USDT,-0.052029864675688375,0,1,0.0,0.1653191999041799,-0.03367586766894434,,-0.026709785603065916,0.24212012860190496,-0.10459766372289118,103,43,0.7054794520547946,5.0,1.0,6.0,1.0
2022-03-29 23:59:00,52.366,52.777,48.686,50.404,WAVES-USDT,-0.037485439303378,0,1,0.0,0.15126835391306884,-0.055447151120353616,,-0.019100719074447103,0.23527116259486325,-0.059565456688484154,24,122,0.1643835616438356,5.0,12.0,17.0,1.0
2022-03-30 11:59:00,50.407,59.872,49.236,52.679,WAVES-USDT,0.04513530672168864,1,0,0.9999999998237638,0.14286545793195773,-0.046825493531801154,,0.02206959440450884,0.20608338399749443,-0.06472316663890078,126,20,0.863013698630137,7.0,1.0,8.0,1.0
2022-03-30 23:59:00,2.06201,2.3198,1.93655,2.03446,GMT-USDT,-0.013561672396154023,0,1,0.9999999869504037,0.24590848179960897,-0.05778058889375136,,-0.006827129847274405,0.3603388192201053,-0.10681350669051973,63,83,0.4315068493150685,3.0,2.0,5.0,1.0
2022-04-01 11:59:00,1.5574,1.675,1.3,1.3503,BAKE-USDT,-0.13308936825885975,0,1,0.9999999917968859,0.3260428487912239,-0.11842307601213004,,-0.07128855875373963,0.4435610343192677,-0.18533936539765075,61,86,0.41496598639455784,1.0,2.0,3.0,1.0
2022-04-03 11:59:00,0.12877,0.12914,0.11592,0.1200099999999999,1000XEC-USDT,-0.06802826745360024,0,1,0.0,0.23707693544497196,-0.07306762654696071,,-0.03521183374869408,0.36631444124239604,-0.13331406562330783,121,26,0.8231292517006803,1.0,1.0,2.0,1.0
2022-04-03 23:59:00,50.671,53.6,44.307,46.813,WAVES-USDT,-0.07613822502022849,0,1,0.9999999996582376,0.14023839809609778,-0.10009705010492785,,-0.039575725247220195,0.18983320906574602,-0.11416190437986568,108,39,0.7346938775510204,5.0,1.0,6.0,1.0
2022-04-04 11:59:00,46.821,47.091,42.043,42.717,WAVES-USDT,-0.08749706278170599,0,1,0.0,0.16018094493465873,-0.0647432390493681,,-0.04575002792360139,0.2416695419424318,-0.15152297620412494,19,128,0.1292517006802721,1.0,1.0,2.0,1.0
2022-04-04 23:59:00,42.716,43.009,32.882,34.69,WAVES-USDT,-0.18791113608165366,0,1,0.999999997724826,0.19604170165488913,-0.17704215066691764,,-0.10369863190667528,0.3553449289135084,-0.2299667036115501,41,106,0.2789115646258503,1.0,1.0,2.0,1.0
2022-04-05 11:59:00,34.696,35.782,32.356,34.054,WAVES-USDT,-0.01833381377918697,0,1,0.0,0.19715175142557884,-0.06230683642529806,,-0.009251716513441477,0.2827041730246135,-0.13558655172910944,103,44,0.7006802721088435,2.0,1.0,3.0,1.0
2022-04-07 23:59:00,5.151,5.182,4.827,5.068,API3-USDT,-0.016113376043486727,0,1,0.0,0.10911048047754188,-0.058524963624352444,,-0.00812212545258817,0.16585921915075522,-0.06855357458453691,56,91,0.38095238095238093,3.0,1.0,4.0,1.0
2022-04-09 23:59:00,20.573,20.668000000000003,18.126,18.361,BAL-USDT,-0.10773641753328811,0,1,0.9999999984963305,0.09751149233416358,-0.0741200485081553,,-0.05693520634839222,0.16714697406340046,-0.12774346787280594,123,25,0.831081081081081,2.0,1.0,3.0,1.0
2022-04-12 23:59:00,3.924,4.044,3.774,3.82,KNC-USDT,-0.02650356778797147,0,1,0.0,0.10240185950413225,-0.02596714354539704,,-0.013429752066115741,0.16216216216216225,-0.09948137647458426,33,114,0.22448979591836735,5.0,1.0,6.0,1.0
2022-04-13 11:59:00,2.3907,2.7787,2.245,2.2498,MTL-USDT,-0.059408838162130606,0,1,0.9999999963376079,0.18146368787297754,-0.03378619138625303,,-0.030613783743025258,0.282252931151311,-0.13113329549449348,23,124,0.1564625850340136,1.0,1.0,2.0,1.0
2022-04-14 11:59:00,2.3004,2.3967,2.1199,2.1278,MTL-USDT,-0.0752314311791038,0,1,0.0,0.09334567706098862,-0.04455398818550867,,-0.03908596202045722,0.12257007483505297,-0.10232666018804523,34,113,0.23129251700680273,17.0,1.0,18.0,1.0
2022-04-15 11:59:00,2.0924,2.24,1.952,1.9774,MTL-USDT,-0.054870471274256816,0,1,0.9999999774659148,0.09602909376842945,-0.042418032569579635,,-0.028209160605464745,0.13740458015267187,-0.10524886830204129,119,29,0.8040540540540541,3.0,1.0,4.0,1.0
2022-04-15 23:59:00,1.9774,2.0337,1.9429,2.0168,MTL-USDT,0.019925154242945275,1,0,0.0,0.0948375143958741,-0.02789644331722433,,0.00986430323969767,0.14205455545195922,-0.05618082665521292,95,53,0.6418918918918919,2.0,2.0,4.0,1.0
2022-04-16 11:59:00,4.724,4.817,4.474,4.501,API3-USDT,-0.04740740740740723,0,1,0.0,0.08747019293301544,-0.03106839510266325,,-0.02427921092564478,0.11295098146726627,-0.060628195636798214,65,83,0.4391891891891892,4.0,2.0,6.0,1.0
2022-04-16 23:59:00,21.888,22.148,20.92,21.459,WAVES-USDT,-0.019644570332130296,0,1,0.0,0.060694841745870524,-0.03604206499233211,,-0.009919719479561273,0.09593155547465172,-0.049982291460075184,60,88,0.40540540540540543,3.0,1.0,4.0,1.0
2022-04-17 11:59:00,21.663,21.8,20.757,21.081,FIL-USDT,-0.02673130193905815,0,1,0.9999999872448462,0.1027818722070143,-0.029556294247936998,,-0.013546711588404259,0.1634305785930334,-0.0411843631131902,75,73,0.5067567567567568,3.0,4.0,7.0,1.0
2022-04-19 11:59:00,3.1915,3.459,3.13666,3.22116,GMT-USDT,0.009375665885360984,1,0,0.9999999798365536,0.19805221134052772,-0.02217007893055006,,0.004665959703075151,0.3726924297118163,-0.04966514220485285,79,69,0.5337837837837838,1.0,5.0,6.0,1.0
2022-04-20 11:59:00,0.022,0.0266399999999999,0.02174,0.02471,JASMY-USDT,0.12318181818181828,1,0,0.0,0.198300283286115,,,0.0,0.2025630425795747,-0.07244742025246641,131,18,0.8791946308724832,5.0,1.0,6.0,1.0
2022-04-21 11:59:00,5.263,6.348,4.663,4.723,API3-USDT,-0.10260307809234281,0,1,0.999999999129082,0.22882034848788307,-0.07076989047658165,,-0.05407570598838363,0.30605757878485146,-0.19663207995129792,133,16,0.8926174496644296,2.0,1.0,3.0,1.0
2022-04-22 11:59:00,0.947,0.98,0.8802,0.9013,ZRX-USDT,-0.0481571443658253,0,1,0.0,0.12541932691267174,-0.0498750278360033,,-0.0246726544746243,0.1823438306659783,-0.11498428795184319,132,17,0.8859060402684564,2.0,1.0,3.0,1.0
2022-04-22 23:59:00,0.03181,0.03199,0.02655,0.0266199999999999,LINA-USDT,-0.16315624017604835,0,1,0.9999991575324002,0.1742255690569916,-0.10037661002763984,,-0.08882423412630647,0.19602514013928998,-0.17213491770023054,15,134,0.10067114093959731,1.0,1.0,2.0,1.0
2022-04-23 11:59:00,0.0266199999999999,0.02715,0.0260199999999999,0.0261899999999999,LINA-USDT,-0.01615326821938401,0,1,0.0,0.12440825601212128,-0.014796304843848541,,-0.008142397273243174,0.20582658162386167,-0.11430500023503853,62,87,0.4161073825503356,2.0,1.0,3.0,1.0
2022-04-24 11:59:00,16.674,16.79,15.88,16.346,APE-USDT,-0.019671344608372276,0,1,0.0,0.09370078740157467,-0.03967254405562187,,-0.009933373712901372,0.14956156960992795,-0.07222521776982974,63,86,0.4228187919463087,2.0,4.0,6.0,1.0
2022-04-24 23:59:00,2.6607,2.6846,2.5283,2.5446,MTL-USDT,-0.043635133611455545,0,1,0.0,0.07726740053407098,-0.029407111381532396,,-0.022304189960232756,0.13282129867252543,-0.08674586337886846,18,131,0.12080536912751678,1.0,2.0,3.0,1.0
2022-04-26 11:59:00,0.15811,0.16688,0.14843,0.15941,DOGE-USDT,0.008222123837834383,1,0,0.9999997964605595,0.16499748047367085,-0.06959509064238466,,0.004094230284706013,0.22021801193874904,-0.056661830537513364,46,103,0.3087248322147651,1.0,2.0,3.0,1.0
2022-04-27 23:59:00,168.72,175.5,164.33,168.43,AAVE-USDT,-0.0016596526584079507,0,1,0.0,0.08886515987423631,-0.025801740398842872,,-0.0008305155128425223,0.11758317999457035,-0.03836711390017839,120,29,0.8053691275167785,8.0,7.0,15.0,1.0
2022-04-28 23:59:00,4.0483,4.146,3.5655,3.7583,GMT-USDT,-0.07163500728700933,0,1,0.9999999952938685,0.12832731278661638,-0.09474127024332828,,-0.03714805421053968,0.15867277774191457,-0.09721354768865331,22,127,0.1476510067114094,3.0,3.0,6.0,1.0
2022-04-30 11:59:00,1.407,1.579,1.357,1.375,DAR-USDT,-0.02343749999999989,0,1,0.0,0.19583183614804167,-0.025423728626206846,,-0.011857707509881354,0.21802227472156593,-0.14649286066733172,89,61,0.5933333333333334,2.0,1.0,3.0,1.0
2022-05-01 11:59:00,19.883,20.09,16.65,17.097,APE-USDT,-0.14037910402735165,0,1,0.0,0.230844103174174,-0.11069069062421001,,-0.0754880224949982,0.3685667393381183,-0.22748119186341564,119,31,0.7933333333333333,2.0,1.0,3.0,1.0
2022-05-02 23:59:00,15.415,15.631,14.2,15.041,APE-USDT,-0.024262082387285,0,1,0.0,0.12112555818229583,-0.0723943661462013,,-0.012280010506960926,0.19968304278922358,-0.08789909336411911,131,19,0.8733333333333333,1.0,4.0,5.0,1.0
2022-05-05 11:59:00,0.09398,0.09867,0.08787,0.0885799999999999,ZIL-USDT,-0.05735873151005755,0,1,0.9999996325351574,0.19742536291427012,-0.03875042235684207,,-0.02952615721720131,0.3432880128243186,-0.08524809363886118,26,124,0.17333333333333334,1.0,2.0,3.0,1.0
2022-05-07 11:59:00,13.083,13.69,11.4355,12.5923,GAL-USDT,-0.037322732311456,0,1,0.0,0.2180829516063694,-0.12250448155086852,,-0.019016235081487087,0.3045834290839814,-0.13852563588762123,36,115,0.23841059602649006,1.0,1.0,2.0,1.0
2022-05-08 11:59:00,10.3627,11.0987,9.4908,9.8901,GAL-USDT,-0.04560587491676882,0,1,0.0,0.21072148048664865,-0.06697011835991686,,-0.02333504503081052,0.30224321133412035,-0.1747487346624983,94,57,0.6225165562913907,1.0,1.0,2.0,1.0
2022-05-12 23:59:00,0.00347,0.00382,0.00328,0.00344,AKRO-USDT,-0.008645533141210415,0,1,0.0,0.3285094066570169,-0.05335349587349131,,-0.004341534008685977,0.4511082138200783,-0.19248781106147705,120,29,0.8053691275167785,11.0,3.0,14.0,1.0
2022-05-15 11:59:00,0.09967,0.10347,0.09042,0.09586,GALA-USDT,-0.038322632423755,0,1,0.0,0.17275237803007054,-0.08128731682290262,,-0.01953564488084303,0.2430088879254282,-0.06591960380807904,113,37,0.7533333333333333,9.0,2.0,11.0,1.0
2022-05-16 23:59:00,6.2134,6.3569,5.7523,5.8847,GAL-USDT,-0.05293227758465302,0,1,0.0,0.17141251250175657,-0.05160544468889744,,-0.027185637651570782,0.25162040379018724,-0.1449701775603599,57,93,0.38,2.0,3.0,5.0,1.0
2022-05-17 23:59:00,0.509,0.519,0.46,0.484,DAR-USDT,-0.050980392156862786,0,1,0.0,0.17505030181086523,-0.08043478086011341,,-0.026156941649899457,0.24185068349106212,-0.07984790722722616,125,26,0.8278145695364238,2.0,1.0,3.0,1.0
2022-05-19 11:59:00,1.228,1.271,0.992,1.109,CRV-USDT,-0.09690553745928343,0,1,0.9999999885693183,0.17886178861788624,-0.1779233853031911,,-0.05091998288403887,0.29918559794256316,-0.15084226530748654,130,23,0.8496732026143791,1.0,1.0,2.0,1.0
2022-05-20 11:59:00,1.4964,1.58,1.3546,1.4239,GMTBUSD,-0.048513197460741786,0,1,0.0,0.1691891521709355,-0.07795659177649047,,-0.024859608272839284,0.18544463231995578,-0.09973761515039604,121,32,0.7908496732026143,7.0,1.0,8.0,1.0
2022-05-21 11:59:00,2.594,2.663,2.464,2.482,KNC-USDT,-0.04317656129529668,0,1,0.0,0.12214342001576046,-0.030032467410582457,,-0.02206461780929847,0.15931882686849583,-0.10007251595332656,115,38,0.7516339869281046,6.0,1.0,7.0,1.0
2022-05-22 11:59:00,0.03197,0.03545,0.03127,0.03346,PEOPLE-USDT,0.04660619330622451,1,0,0.0,0.35946813388353954,-0.04621041054991696,,0.022772428549594714,0.5716819391073011,-0.15237488223562226,132,21,0.8627450980392157,1.0,1.0,2.0,1.0
2022-05-22 23:59:00,0.03347,0.04149,0.02741,0.02948,PEOPLE-USDT,-0.11894799760908537,0,1,0.9999998377694578,0.29011757229107077,-0.1481210696384281,,-0.06323482681919324,0.4087082728592162,-0.23368852776487473,126,27,0.8235294117647058,1.0,1.0,2.0,1.0
2022-05-24 11:59:00,0.006501,0.007412,0.006055,0.006254,RSR-USDT,-0.03799415474542378,0,1,0.9999963156864611,0.32254018032144266,-0.053261679171462954,,-0.0193649549196393,0.4133743159157358,-0.19094412555740656,94,61,0.6064516129032258,1.0,1.0,2.0,1.0
2022-05-24 23:59:00,0.173,0.186,0.154,0.177,DODO-USDT,0.023121387283236983,1,0,0.9999997683539944,0.29428571428571526,-0.1363636275088517,,0.011428571428574674,0.39554317548746526,-0.11720697669790846,136,19,0.8774193548387097,1.0,1.0,2.0,1.0
2022-05-25 23:59:00,0.316,0.4295,0.296,0.3086,ANCBUSD,-0.02403542061986086,0,1,0.999999983866805,0.3135403329065301,-0.05540540353360132,,-0.012163892445582691,0.4296422005374062,-0.19792072260115093,124,33,0.7898089171974523,1.0,1.0,2.0,1.0
2022-05-26 23:59:00,1.1714,1.2534,0.823,0.8942,GMT-USDT,-0.23663991804678164,0,1,0.9999999943989623,0.3307029434546863,-0.25492101755867536,,-0.13419829589465526,0.5118886176656722,-0.32324225896282227,66,91,0.42038216560509556,1.0,2.0,3.0,1.0
2022-05-27 11:59:00,0.2889,0.2943,0.1676,0.2374,ANCBUSD,-0.1788308543756486,0,1,0.9999999553407852,0.3849952516619184,-0.5707040232276835,,-0.09819563152896482,0.6687847498014298,-0.24670790903671566,45,112,0.28662420382165604,1.0,1.0,2.0,1.0
2022-05-27 23:59:00,0.2374,0.2498,0.1982,0.211,ANCBUSD,-0.11120471777590568,0,1,0.0,0.39763603925066904,-0.13118061901207786,,-0.05887600356824274,0.548603593851483,-0.2244072698251326,16,141,0.10191082802547771,1.0,1.0,2.0,1.0
2022-05-28 11:59:00,0.2111,0.3666,0.2045,0.2837,ANCBUSD,0.3445497630331755,1,0,0.9999999836428772,0.4319789771578735,-0.2095354420765065,,0.1469577521730343,0.5963172804532578,-0.07949383259267243,138,19,0.8789808917197452,1.0,4.0,5.0,1.0
2022-05-28 23:59:00,0.2837,0.3082,0.2557,0.2623,ANCBUSD,-0.07543179414874879,0,1,0.0,0.3930402930402931,-0.06765740838258076,,-0.039194139194139166,0.5676764139380144,-0.2225844628753863,136,21,0.8662420382165605,1.0,1.0,2.0,1.0
2022-05-29 11:59:00,0.2623,0.272,0.2276,0.2675,ANCBUSD,0.019824628288219737,1,0,0.0,0.18289920724801814,-0.16388399982934987,,0.009815024537561223,0.3008585293019783,-0.07790416829010108,102,55,0.6496815286624203,4.0,2.0,6.0,1.0
2022-05-31 11:59:00,13.83,14.8,11.7,11.89,TRB-USDT,-0.14027476500361524,0,1,0.9999999992883071,0.2935458786936234,-0.0991452990605608,,-0.07542768273717049,0.3623304070231445,-0.19417146716762296,62,96,0.3924050632911392,2.0,2.0,4.0,1.0
2022-05-31 23:59:00,11.9,12.08,11.3,11.73,TRB-USDT,-0.01345668629100083,0,1,0.0,0.16426756985605404,-0.04513274332289245,,-0.006773920406436318,0.2681992337164751,-0.12723214276247544,50,108,0.31645569620253167,5.0,3.0,8.0,1.0
2022-06-01 11:59:00,3.462,3.492,2.95,3.011,GTC-USDT,-0.13102453102453093,0,1,0.9999999903510853,0.25277949351451506,-0.09762711831312865,,-0.07010500308832635,0.33614735226400616,-0.17472934034608867,46,113,0.2893081761006289,2.0,2.0,4.0,1.0
2022-06-02 23:59:00,0.2177,0.2319,0.2052,0.2154,ANCBUSD,-0.010564997703261358,0,1,0.0,0.18379127222350497,-0.055311888142695644,,-0.005310551835603805,0.24541869635815358,-0.09094745343121102,122,38,0.7625,3.0,1.0,4.0,1.0
2022-06-03 23:59:00,1.33,1.44,1.3038,1.3615,OP-USDT,0.02430033102618112,1,0,0.0,0.18511911398520825,-0.03186838447715593,,0.012004311145798585,0.24634968176712835,-0.11877022576847751,128,32,0.8,2.0,2.0,4.0,1.0
2022-06-04 11:59:00,1.0647,1.065,0.893,0.9134,BEL-USDT,-0.1421057574903729,0,1,0.9999999619293963,0.19265962287043126,-0.10755878938903915,,-0.07648753854709056,0.21889803041635505,-0.16105625569638385,75,85,0.46875,3.0,1.0,4.0,1.0
2022-06-04 23:59:00,0.9134,0.9286,0.8442,0.8535,BEL-USDT,-0.06557915480621845,0,1,0.0,0.1451129096157111,-0.046493721316113366,,-0.033901182862640766,0.23130106851037086,-0.143760030660514,134,26,0.8375,1.0,1.0,2.0,1.0
2022-06-05 11:59:00,6.3825,6.3863,4.4691,4.8346,LUNA2BUSD,-0.24249878570421324,0,1,0.9999999990254471,0.19188902459681376,-0.2549394727015741,,-0.13797929909333229,0.3680928950275234,-0.24878996193327907,33,127,0.20625,1.0,1.0,2.0,1.0
2022-06-05 23:59:00,4.8353,5.477,4.5,4.868,LUNA2BUSD,0.006908534315145154,1,0,0.0,0.29829117968379615,-0.07806666649318522,,0.0034423762702782135,0.3532251229802679,-0.1793177274800136,104,56,0.65,1.0,1.0,2.0,1.0
2022-06-06 23:59:00,1.0525,1.1298,0.985,1.0536,BEL-USDT,0.0008549444286123364,1,0,0.9999999389278384,0.22527655129848545,-0.06918781655646891,,0.00042728955989179696,0.3494671172342085,-0.06479673295937621,30,130,0.1875,2.0,8.0,10.0,1.0
2022-06-08 11:59:00,18.784,20.8,8.36,10.738,UNFI-USDT,-0.42828239804067725,0,1,0.9999999980029526,1.799322493224933,-0.7655502383187192,,-0.27249322493224903,1.7263390204566678,-0.6680680059758677,70,91,0.43478260869565216,1.0,1.0,2.0,1.0
2022-06-08 23:59:00,10.738,10.934,7.57,8.085,UNFI-USDT,-0.24706649282920456,0,1,0.0,0.8396111140625835,-0.24326287946728742,,-0.14094458906656693,0.9326753612971449,-0.4904518809538968,27,134,0.16770186335403728,1.0,1.0,2.0,1.0
2022-06-09 11:59:00,0.938,0.939,0.759,0.813,LIT-USDT,-0.1323372465314836,0,1,0.0,0.4388571428571434,-0.1528326725581981,,-0.07085714285714195,0.5659287776708375,-0.2843309834125788,126,37,0.7730061349693251,3.0,1.0,4.0,1.0
2022-06-09 23:59:00,0.0644,0.0877,0.0594,0.0741,1000LUNCBUSD,0.1506211180124224,1,0,0.999998793818616,0.587725631768953,-0.1658248879082681,,0.07003610108303238,0.8641171684296175,-0.1565167721665598,35,128,0.2147239263803681,1.0,1.0,2.0,1.0
2022-06-10 11:59:00,2.0153,2.1306,1.912,1.9962,BAND-USDT,-0.009034948371723694,0,1,0.0,0.26385079539221173,-0.04879707087448775,,-0.004537974367920694,0.39671139671139666,-0.14451015623334776,30,133,0.18404907975460122,1.0,1.0,2.0,1.0
2022-06-13 23:59:00,0.1241,0.148,0.1175,0.1329,FLM-USDT,0.07091055600322305,1,0,0.0,0.43540856031128367,-0.0936170133091914,,0.03424124513618576,0.5544959128065395,-0.20774961503728168,141,22,0.8650306748466258,4.0,1.0,5.0,1.0
2022-06-14 11:59:00,0.14943,0.15625,0.13,0.13398,DUSK-USDT,-0.1033328871636997,0,1,0.0,0.3271347918136914,-0.08999999307692202,,-0.05448129851799455,0.42627156692963897,-0.22418134722016578,56,107,0.34355828220858897,2.0,1.0,3.0,1.0
2022-06-14 23:59:00,0.985,1.085,0.795,0.8540000000000001,LIT-USDT,-0.13211382113821124,0,1,0.9999999714509048,0.25462459194776954,-0.15597484080534676,,-0.07072905331882384,0.3085106382978723,-0.1999999981264629,128,35,0.7852760736196319,4.0,1.0,5.0,1.0
2022-06-17 23:59:00,0.3501,0.362,0.3227,0.3307,SFP-USDT,-0.05541273921736656,0,1,0.9999996348788417,0.12705640423031708,-0.05484970390921465,,-0.02849588719154106,0.15412079738173168,-0.08062273893181189,34,129,0.2085889570552147,6.0,2.0,8.0,1.0
2022-06-18 23:59:00,2.001,2.0111,1.5885,1.8646,LUNA2BUSD,-0.06797960611816445,0,1,0.9999999891533065,0.2019300424298872,-0.21661945094983026,,-0.035185760115905906,0.34840923268870877,-0.12661014508122093,67,96,0.4110429447852761,2.0,2.0,4.0,1.0
2022-06-20 23:59:00,0.2028,0.2225,0.196,0.1975,ATA-USDT,-0.02613412228796841,0,1,0.9999996353166061,0.18785910567074746,-0.021173468307473492,,-0.013240069947536792,0.29145211122554077,-0.09631662794250187,28,135,0.17177914110429449,4.0,2.0,6.0,1.0
2022-06-21 11:59:00,3.262,3.386,2.944,3.0380000000000003,SNX-USDT,-0.06924019607843124,0,1,0.0,0.21025071405902862,-0.07031249976116793,,-0.03586163122818242,0.29408825978351355,-0.11039531446443579,146,17,0.8957055214723927,4.0,2.0,6.0,1.0
2022-06-21 23:59:00,0.1188,0.1546,0.1183,0.1233,ANCBUSD,0.037878787878787845,1,0,0.9999999470367174,0.18711276332094168,-0.02324598281944357,,0.018587360594795488,0.27019089574155647,-0.1236673686092843,46,117,0.2822085889570552,5.0,2.0,7.0,1.0
2022-06-22 11:59:00,0.1234,0.1316,0.1194,0.1277,ANCBUSD,0.035685320356853234,1,0,0.0,0.19322709163346602,-0.05108877294063873,,0.017529880478087678,0.2660315133748625,-0.10761704349286906,18,145,0.11042944785276074,2.0,3.0,5.0,1.0
2022-06-22 23:59:00,3.3160000000000003,3.417,2.955,2.969,SNX-USDT,-0.10464414957780466,0,1,0.999999981737697,0.1581543357199679,-0.06345177643502058,,-0.05521081941129791,0.21044663133989397,-0.1597566148018779,27,136,0.1656441717791411,4.0,1.0,5.0,1.0
2022-06-23 23:59:00,1.0225,1.0358,0.923,0.9936,BEL-USDT,-0.028264058679706494,0,1,0.9999999346800327,0.20916621199345287,-0.09214517776657428,,-0.014334606418332285,0.33961849266120614,-0.05362415417064417,136,27,0.8343558282208589,2.0,5.0,7.0,1.0
2022-06-24 11:59:00,0.9419,0.9695,0.8762,0.9331,STORJ-USDT,-0.009553125995117262,0,1,0.0,0.2402943686006826,-0.07007532446843984,,-0.004799488054607726,0.4148139548383352,-0.0713112707508211,146,17,0.8957055214723927,2.0,4.0,6.0,1.0
2022-06-24 23:59:00,0.04336,0.0435,0.03972,0.0403,ARPA-USDT,-0.07057195571955721,0,1,0.0,0.21563471192923864,-0.05312183959671679,,-0.03657661965096781,0.3735918260413968,-0.09234232154452202,130,33,0.7975460122699386,2.0,2.0,4.0,1.0
2022-06-25 11:59:00,7101.0,7368.0,6801.0,6903.0,YFI-USDT,-0.027746478873239444,0,1,0.0,0.20888381061201172,-0.029480958682503337,,-0.014068413911304756,0.3428322186682175,-0.10495948136129017,77,86,0.4723926380368098,1.0,3.0,4.0,1.0
2022-06-25 23:59:00,0.6238,0.6277,0.5493,0.5813,OP-USDT,-0.06813081115742226,0,1,0.9999999301447716,0.13940751804829477,-0.09694156022316477,,-0.03526678283959839,0.17644617810606683,-0.0940543895573227,117,46,0.7177914110429447,7.0,1.0,8.0,1.0
2022-06-26 11:59:00,0.9164,1.08,0.906,0.9723,BEL-USDT,0.060768055858607894,1,0,0.999999987702967,0.12832865689025375,-0.042439293129809104,,0.029488061834930468,0.21164183689141464,-0.03813622161412535,141,22,0.8650306748466258,4.0,3.0,7.0,1.0
2022-06-27 23:59:00,2.5785,2.7446,2.0897,2.221,LUNA2BUSD,-0.13871330515375957,0,1,0.9999999967916321,0.31051940746296647,-0.14841843255769507,,-0.07452549117653173,0.35219728106228265,-0.1974126397665138,20,143,0.12269938650306748,2.0,1.0,3.0,1.0
2022-06-28 11:59:00,2.2213,2.4353,2.0507,2.3028,LUNA2BUSD,0.03683025664115247,1,0,0.0,0.2297846942835669,-0.10298922268986571,,0.018082143330828027,0.2894083790378079,-0.11087086580485776,112,51,0.6871165644171779,1.0,3.0,4.0,1.0
2022-06-29 11:59:00,0.007943,0.008128,0.0073129999999999,0.007459,RSR-USDT,-0.06105236656596169,0,1,0.0,0.1104979549438486,-0.05312450003488372,,-0.0314873725897552,0.17608180571144888,-0.11481621691542629,49,115,0.29878048780487804,7.0,1.0,8.0,1.0
2022-06-29 23:59:00,6.252000000000001,6.27,5.461,5.561,UNFI-USDT,-0.11052463211772245,0,1,0.0,0.1761618555828326,-0.08157846533312764,,-0.05849487852365953,0.23568370890881182,-0.15678544328008281,76,88,0.4634146341463415,3.0,1.0,4.0,1.0
2022-07-01 23:59:00,0.00739,0.00761,0.00717,0.0073599999999999,STMX-USDT,-0.005405405405419006,0,1,0.0,0.15108401084011663,-0.029288662079959303,,-0.0027100271002750143,0.22501571338782048,-0.10571068564923979,126,39,0.7636363636363637,3.0,2.0,5.0,1.0
2022-07-02 11:59:00,1.3263,1.38,1.179,1.2134,RLC-USDT,-0.08533092115181662,0,1,0.9999999607602709,0.18279527559055123,-0.07718405362863358,,-0.04456692913385796,0.20290525180133326,-0.13615491306620883,51,114,0.3090909090909091,3.0,1.0,4.0,1.0
2022-07-02 23:59:00,1.2134,1.2359,1.1343,1.1445,RLC-USDT,-0.05678259436294708,0,1,0.0,0.12833453496755584,-0.0393634837400728,,-0.029220916917595652,0.19544207135186717,-0.12496654975368615,144,21,0.8727272727272727,3.0,1.0,4.0,1.0
2022-07-03 11:59:00,6.191,6.895,5.627999999999999,5.657,UNFI-USDT,-0.08610662358642973,0,1,0.9999999982813413,0.24014518443487828,-0.05250533039711138,,-0.04499029290115564,0.3484332425068119,-0.15072811867478156,28,137,0.1696969696969697,2.0,1.0,3.0,1.0
2022-07-03 23:59:00,5.657,6.332000000000001,5.424,5.737,UNFI-USDT,0.0141417712568499,1,0,0.0,0.19088994207477644,-0.05033185831428388,,0.007021239248728328,0.23881808588359432,-0.13253194203896293,145,20,0.8787878787878788,1.0,1.0,2.0,1.0
2022-07-04 11:59:00,1.843,2.26,1.833,1.999,API3-USDT,0.08464460119370609,1,0,0.9999999967997827,0.1426340447683498,-0.04800872859787908,,0.040603852160333354,0.2662321383805464,-0.02725060813990016,148,17,0.896969696969697,2.0,6.0,8.0,1.0
2022-07-05 23:59:00,0.2877,0.2975,0.2778,0.2849,OGN-USDT,-0.010420284821118453,0,1,0.0,0.0956703910614525,-0.03095752228374689,,-0.005237430167598145,0.14397862034407893,-0.07858990690200848,144,21,0.8727272727272727,6.0,1.0,7.0,1.0
2022-07-06 11:59:00,2.128,2.199,2.084,2.114,API3-USDT,-0.00611189468735307,0,1,0.0,0.09950483376562128,-0.017514395309431552,,-0.0030653147842487627,0.14505079140089766,-0.05392705279066036,105,60,0.6363636363636364,5.0,4.0,9.0,1.0
2022-07-06 23:59:00,0.1157,0.1157,0.1061,0.1121,1000LUNCBUSD,-0.030276816608996393,0,1,0.0,0.06938954765041724,-0.07304429094775776,,-0.015371102327624064,0.12957249889819308,-0.05200845226144158,142,23,0.8606060606060606,6.0,1.0,7.0,1.0
2022-07-07 11:59:00,0.02853,0.0311,0.02802,0.02905,TLMBUSD,0.018940722553489886,1,0,0.9999980330664778,0.19457956914523972,-0.027123473546226438,,0.00938151494093109,0.2883522727272727,-0.08243838204725776,119,48,0.7125748502994012,1.0,1.0,2.0,1.0
2022-07-08 23:59:00,0.567,0.5853,0.5596,0.5656,OP-USDT,-0.0024691358024691024,0,1,0.0,0.08537877450114781,-0.01197283752729032,,-0.0012360939431397266,0.12013536379018605,-0.06651262474809994,73,94,0.437125748502994,7.0,6.0,13.0,1.0
2022-07-09 11:59:00,0.1399,0.1402,0.1134,0.1284,ANCBUSD,-0.08285714285714307,0,1,0.9999999393069021,0.11214605067064078,-0.18342150058011472,,-0.04321907600596142,0.2308892355694227,-0.09322033239969416,137,30,0.8203592814371258,2.0,1.0,3.0,1.0
2022-07-09 23:59:00,0.1283,0.1319,0.128,0.1293,ANCBUSD,0.007009345794392718,1,0,0.0,0.11913077221575465,-0.006640624481201348,,0.0034924330616994403,0.21135646687697154,-0.049614108811899434,126,41,0.7544910179640718,1.0,4.0,5.0,1.0
2022-07-12 11:59:00,0.1047,0.1048,0.0909,0.0949,1000LUNCBUSD,-0.09273422562141487,0,1,0.999999721673693,0.10375939849624065,-0.09735972526295665,,-0.0486215538847119,0.18018018018018023,-0.11183901620598821,72,95,0.4311377245508982,2.0,1.0,3.0,1.0
2022-07-13 23:59:00,1.8688,1.8806,1.4344,1.8086,LUNA2BUSD,-0.03190236591371376,0,1,0.9999999957396102,0.1535030461270671,-0.2816508625094054,,-0.0162097476066142,0.27144277407887213,-0.03938387975363769,146,23,0.863905325443787,2.0,3.0,5.0,1.0
2022-07-15 11:59:00,0.1479,0.1557,0.1414,0.1425,DODOBUSD,-0.036511156186612714,0,1,0.0,0.1639118457300276,-0.026874114082452823,,-0.018595041322313932,0.22296618680950783,-0.11408143524517037,112,57,0.6627218934911243,7.0,1.0,8.0,1.0
2022-07-15 23:59:00,0.1262599999999999,0.1338,0.1176799999999999,0.12842,NKN-USDT,0.01710755583716228,1,0,0.0,0.3211481074289312,-0.08208700866017928,,0.008481231349145135,0.5341412826873806,-0.1130602864106434,78,91,0.46153846153846156,1.0,1.0,2.0,1.0
2022-07-16 11:59:00,6.625,6.648,5.855,6.031,CVXBUSD,-0.0897977663748869,0,1,0.9999999907674363,0.10950462194832893,-0.0808710502461638,,-0.04700955992731304,0.1772900614833838,-0.11581879472831141,31,138,0.1834319526627219,2.0,2.0,4.0,1.0
2022-07-17 11:59:00,2.128,2.251,2.09,2.133,DYDX-USDT,0.0023496240601503793,1,0,0.0,0.11288429946022045,-0.019377990337905514,,0.001173433466321372,0.1495327102803738,-0.06262359893375812,92,77,0.5443786982248521,10.0,7.0,17.0,1.0
2022-07-17 23:59:00,0.11735,0.1178,0.10638,0.11001,NKN-USDT,-0.06206837752579086,0,1,0.0,0.07971843378794549,-0.06833990709344656,,-0.03202815662120473,0.13678956125755315,-0.08248539762423651,17,152,0.10059171597633136,5.0,2.0,7.0,1.0
2022-07-18 23:59:00,20.89,26.9,16.21,17.81,TRB-USDT,-0.14743896601244622,0,1,0.9999999998697182,0.39095607235142077,-0.1937075877892004,,-0.07958656330749436,0.4959406170262119,-0.2635931361324812,149,20,0.8816568047337278,1.0,1.0,2.0,1.0
2022-07-19 11:59:00,17.81,18.06,16.35,17.1,TRB-USDT,-0.039865244244806086,0,1,0.0,0.35519908335720385,-0.06758409781799204,,-0.020338012030937325,0.4959406170262119,-0.23932384330990866,95,74,0.5621301775147929,1.0,1.0,2.0,1.0
2022-07-19 23:59:00,0.0469,0.0619,0.0468,0.052,XEM-USDT,0.10874200426439229,1,0,0.9999999138769544,0.2204246713852377,-0.056623919524803064,,0.0515672396359963,0.3424787133396405,-0.07473308278770681,127,42,0.7514792899408284,1.0,5.0,6.0,1.0
2022-07-20 11:59:00,0.003325,0.00407,0.003218,0.00337,LEVERBUSD,0.013533834586466176,1,0,0.0,0.25281899109792283,,,0.0,0.23380900109769484,-0.17198974941093503,102,70,0.5930232558139535,2.0,1.0,3.0,1.0
2022-07-21 11:59:00,0.1253,0.1279,0.1128,0.1168,ANCBUSD,-0.06709265175718848,0,1,0.0,0.13636363636363646,-0.07269502901639838,,-0.034710743801653066,0.20810166799046872,-0.12476582054958266,24,148,0.13953488372093023,3.0,1.0,4.0,1.0
2022-07-23 11:59:00,0.003343,0.0035,0.003041,0.003114,LEVERBUSD,-0.06850134609632064,0,1,0.0,0.1296267616540189,-0.06165714680320031,,-0.03546538640235408,0.1650324332478504,-0.1213314860849714,33,139,0.19186046511627908,5.0,1.0,6.0,1.0
2022-07-24 11:59:00,0.1739,0.1854,0.1725,0.1813,FLM-USDT,0.04255319148936154,1,0,0.0,0.29757882882882863,-0.02956521567737941,,0.020833333333332815,0.4369114877589453,-0.18370102729846877,147,25,0.8546511627906976,1.0,1.0,2.0,1.0
