time,open,high,low,close,symbol,涨跌幅,上涨,下跌,ApzUpper_2,Atr_2,Lcsd_2,上涨数量,下跌数量,上涨比例,rank_ApzUpper_2,rank_涨跌幅,rank_sum,rank
2022-01-26 23:59:00,150.13,159.52,136.52,140.02,EGLD-USDT,-0.0675279701651571,0,1,0.9999999998940037,0.12612860982838234,-0.0627746850232367,15,128,0.1048951048951049,11.0,11.0,22.0,1.0
2022-01-27 11:59:00,29.088,29.816,26.717,28.449,HNT-USDT,-0.021866941722537336,0,1,0.999999999066865,0.11872979455626237,-0.07673017177200668,59,84,0.4125874125874126,2.0,17.0,19.0,1.0
2022-01-27 23:59:00,60.504,61.6,50.2,54.081,LUNA-USDT,-0.1061434970166768,0,1,0.9999999996282259,0.1459889687914543,-0.14127490037026363,51,92,0.35664335664335667,4.0,1.0,5.0,1.0
2022-01-28 11:59:00,1.8,1.84,1.701,1.724,KNC-USDT,-0.04275402554136587,0,1,0.9999997432098339,0.07971631205673761,-0.03615520260931627,38,105,0.26573426573426573,6.0,7.0,13.0,1.0
2022-01-29 23:59:00,42.881,43.66,40.83,41.522,ZEN-USDT,-0.031918118020097586,0,1,0.9999999909638302,0.09288853612595221,-0.03371295615142925,94,49,0.6573426573426573,24.0,5.0,29.0,1.0
2022-01-30 11:59:00,2375.7,2394.5,2270.4,2303.6,YFII-USDT,-0.030063157894736903,0,1,0.9999999999600558,0.04471423075278927,-0.030347075405080914,101,42,0.7062937062937062,2.0,1.0,3.0,1.0
2022-02-01 11:59:00,0.09736,0.1048,0.0867,0.08982,PEOPLE-USDT,-0.07753928314675984,0,1,0.9999996480491691,0.24296169667183085,-0.07952709578695533,105,38,0.7342657342657343,15.0,1.0,16.0,1.0
2022-02-01 23:59:00,0.01377,0.01389,0.01317,0.01329,AKRO-USDT,-0.03485838779956418,0,1,0.0,0.054693274205465325,-0.027334831180842793,63,80,0.4405594405594406,25.0,5.0,30.0,1.0
2022-02-02 11:59:00,25444.0,25715.0,24583.0,24778.0,YFI-USDT,-0.02617512969658864,0,1,0.9999999999965705,0.038130699693361476,-0.021478257332294075,104,39,0.7272727272727273,1.0,3.0,4.0,1.0
2022-02-03 11:59:00,21.58,22.08,20.12,20.49,ICP-USDT,-0.05050973123262281,0,1,0.9999999982359868,0.08557166627050136,-0.0454771371543359,41,102,0.2867132867132867,5.0,1.0,6.0,1.0
2022-02-05 23:59:00,2570.0,2575.6,2469.5,2476.6,YFII-USDT,-0.03671723064955279,0,1,0.9999999999014054,0.0382558047388858,-0.021988256732042678,29,114,0.20279720279720279,2.0,17.0,19.0,1.0
2022-02-06 11:59:00,25141.0,25370.0,24292.0,24389.0,YFI-USDT,-0.0298341222801225,0,1,0.9999999998659286,0.0471248586658052,-0.01943026510784644,96,47,0.6713286713286714,2.0,5.0,7.0,1.0
2022-02-06 23:59:00,2646.1,2689.0,2521.5,2561.7,YFII-USDT,-0.031932582571234214,0,1,0.9999999999787033,0.0729276675819428,-0.032698790402408064,127,16,0.8881118881118881,6.0,4.0,10.0,1.0
2022-02-07 11:59:00,20.829,21.559,19.68,20.604,ENS-USDT,-0.010517216539403629,0,1,0.9999999978783328,0.08658604291886941,-0.05251524387575445,121,22,0.8461538461538461,30.0,5.0,35.0,1.0
2022-02-07 23:59:00,32.3,33.191,31.2,31.619,ATOM-USDT,-0.02114420159742425,0,1,0.9999999977490742,0.07074357409927881,-0.02437499999218774,125,18,0.8741258741258742,25.0,6.0,31.0,1.0
2022-02-08 11:59:00,40.071,41.397,35.9,36.985,AR-USDT,-0.07669071573008468,0,1,0.9999999994072798,0.13170738038991722,-0.07300835652562408,17,126,0.11888111888111888,24.0,1.0,25.0,1.0
2022-02-08 23:59:00,426.69,426.69,406.64,408.26,BNBBUSD,-0.043282637733461526,0,1,0.9999999993579294,0.05310243236445948,-0.02669437340087825,61,82,0.42657342657342656,6.0,5.0,11.0,1.0
2022-02-09 11:59:00,3.467,3.548,3.25,3.3784,MANA-USDT,-0.02555523507355062,0,1,0.9999999839363132,0.09856253834691903,-0.05313846137495881,92,51,0.6433566433566433,10.0,8.0,18.0,1.0
2022-02-09 23:59:00,2.2778,2.49,2.2642,2.2825,RLC-USDT,0.0018874550083400887,1,0,0.9999999898593107,0.07612866445940314,-0.007132762091985022,126,17,0.8811188811188811,11.0,25.0,36.0,1.0
2022-02-10 11:59:00,40.817,41.482,37.673,39.519,AR-USDT,-0.031420798509840586,0,1,0.9999999986716521,0.11058266932270919,-0.06601544871233578,75,69,0.5208333333333334,13.0,3.0,16.0,1.0
2022-02-11 11:59:00,0.10402,0.1077,0.0964,0.09851,ARPA-USDT,-0.052970582580272985,0,1,0.9999986797894976,0.2120673480472029,-0.05046679974410785,101,44,0.696551724137931,28.0,1.0,29.0,1.0
2022-02-12 11:59:00,3.95,4.25,3.785,3.817,THETA-USDT,-0.033181357649442744,0,1,0.9999999875711656,0.09465550547327747,-0.025759577210674633,62,83,0.42758620689655175,2.0,7.0,9.0,1.0
2022-02-12 23:59:00,4.7512,4.8301,4.1825,4.2603,BAND-USDT,-0.10364198699741223,0,1,0.9999999653616422,0.19969600142013968,-0.0774895395636811,70,75,0.4827586206896552,1.0,1.0,2.0,1.0
2022-02-13 11:59:00,0.09569,0.10165,0.09175,0.0926,ARPA-USDT,-0.03259506895110742,0,1,0.0,0.17119796091758718,-0.026267027109860758,113,32,0.7793103448275862,18.0,2.0,20.0,1.0
2022-02-14 11:59:00,333.52,337.43,318.12,321.88,BCH-USDT,-0.03487151809540945,0,1,0.9999999997089812,0.052182669860693615,-0.030098704890289832,24,119,0.16783216783216784,2.0,9.0,11.0,1.0
2022-02-16 11:59:00,105.46,105.56,100.68,102.44,SOL-USDT,-0.02845220030349016,0,1,0.9999999954608426,0.048778141235328025,-0.03237981723953282,35,108,0.24475524475524477,10.0,10.0,20.0,1.0
2022-02-16 23:59:00,176.4,177.6,166.14,166.8,KSM-USDT,-0.05436816146040013,0,1,0.9999999997350881,0.05201200501180111,-0.032833754662764385,38,105,0.26573426573426573,10.0,2.0,12.0,1.0
2022-02-18 11:59:00,1.6569,1.6793,1.6024,1.6098,1INCH-USDT,-0.02842657975737828,0,1,0.0,0.06517280435913922,-0.01931477771271248,83,60,0.5804195804195804,9.0,4.0,13.0,1.0
2022-02-19 23:59:00,0.002038,0.002038,0.001979,0.002019,1000BTTC-USDT,-0.009322865554465154,0,1,0.0,0.02538821789499636,-0.0250125062531266,127,16,0.8881118881118881,17.0,5.0,22.0,1.0
2022-02-20 23:59:00,4.8337,4.85,4.3617,4.3794,BAND-USDT,-0.09398597347787407,0,1,0.9999999716947511,0.08685458748955309,-0.05613636871830451,27,116,0.1888111888111888,5.0,1.0,6.0,1.0
2022-02-21 11:59:00,380.31,393.41,368.29,370.03,BNB-USDT,-0.027030580316057984,0,1,0.9999999995564838,0.04865794173308098,-0.018680930787730435,18,125,0.1258741258741259,5.0,16.0,21.0,1.0
2022-02-25 11:59:00,7.041,7.424,6.642,6.831,API3-USDT,-0.03120124804992197,0,1,0.0,0.17879268116986025,-0.04501656120894832,122,22,0.8472222222222222,14.0,3.0,17.0,1.0
2022-02-26 11:59:00,34.736,35.809,33.224,33.303,ZEN-USDT,-0.04117122045317134,0,1,0.9999991924383544,0.058880592627432574,-0.023898386701209934,54,90,0.375,22.0,3.0,25.0,1.0
2022-02-26 23:59:00,21.67,22.24,20.93,21.2,TRB-USDT,-0.021688970927549733,0,1,0.9999999953665123,0.0545836249125262,-0.02412804585564913,78,66,0.5416666666666666,7.0,8.0,15.0,1.0
2022-02-27 11:59:00,78.032,78.888,72.65,77.267,LUNA-USDT,-0.00980367028911222,0,1,0.9999999995465533,0.08027096117811444,-0.06881624224792596,105,39,0.7291666666666666,10.0,13.0,23.0,1.0
2022-02-28 11:59:00,5.357,5.527,4.965,5.0280000000000005,UNFI-USDT,-0.0617652547116998,0,1,0.9999999947607336,0.09146047944546079,-0.04602215499290486,127,17,0.8819444444444444,6.0,1.0,7.0,1.0
2022-03-01 11:59:00,338.88,343.73,320.12,325.54,BCH-USDT,-0.03927991736756675,0,1,0.9999999998466096,0.08063035265431447,-0.03772022991260416,77,67,0.5347222222222222,3.0,1.0,4.0,1.0
2022-03-01 23:59:00,21.238000000000003,21.953000000000003,20.5,20.956,FIL-USDT,-0.013278086448818338,0,1,0.9999999921080299,0.06835095037209085,-0.02912195120530608,114,30,0.7916666666666666,14.0,12.0,26.0,1.0
2022-03-02 11:59:00,11.805,11.915,10.996,11.33,NEAR-USDT,-0.04023718763235917,0,1,0.9999999912343961,0.10672141776529052,-0.0519734448417853,68,76,0.4722222222222222,23.0,2.0,25.0,1.0
2022-03-02 23:59:00,19.058,19.276,17.326,17.893,WAVES-USDT,-0.06112918459439598,0,1,0.9999999937518496,0.12443506265053712,-0.0663453768519308,18,126,0.125,19.0,4.0,23.0,1.0
2022-03-03 11:59:00,1991.4,1999.8,1884.0,1910.8,MKR-USDT,-0.03955767780849462,0,1,0.9999999980532436,0.059174935261390164,-0.03511146496796607,36,108,0.25,7.0,7.0,14.0,1.0
2022-03-04 11:59:00,2036.4,2048.4,1912.3,1948.5,MKR-USDT,-0.042788367066221245,0,1,0.9999999998352375,0.07647900404106328,-0.041703707577044426,37,107,0.2569444444444444,3.0,5.0,8.0,1.0
2022-03-05 11:59:00,28.65,29.104,27.964,28.193,AR-USDT,-0.016088504222796063,0,1,0.0,0.08784984255985369,-0.016431840932472675,111,33,0.7708333333333334,17.0,10.0,27.0,1.0
2022-03-05 23:59:00,0.8648,0.8815,0.8505,0.8645,ADA-USDT,-0.00023129409043598503,0,1,0.0,0.04742077261161227,-0.016578483050223858,128,16,0.8888888888888888,12.0,16.0,28.0,1.0
2022-03-07 11:59:00,0.7266,0.7309,0.6463,0.6709,SFP-USDT,-0.07729335717232833,0,1,0.9999999666729925,0.10214592274678107,-0.08154107873215184,59,85,0.4097222222222222,2.0,1.0,3.0,1.0
2022-03-07 23:59:00,47.81,50.13,45.52,46.07,AXS-USDT,-0.03639405982012134,0,1,0.9999999989529768,0.07616105666808694,-0.03119507907926251,38,106,0.2638888888888889,19.0,11.0,30.0,1.0
2022-03-08 23:59:00,21094.0,21191.0,18991.0,19338.0,YFI-USDT,-0.08333333333333337,0,1,0.999999999993885,0.1272938616016224,-0.06455689537145776,33,112,0.22758620689655173,1.0,1.0,2.0,1.0
2022-03-09 23:59:00,1.7126,1.7618,1.5277,1.6029,IMX-USDT,-0.06427320490367783,0,1,0.9999999465243555,0.1621580867939322,-0.08525888534883232,65,80,0.4482758620689655,19.0,1.0,20.0,1.0
2022-03-10 23:59:00,4.608,4.771,4.224,4.311,OMG-USDT,-0.06445312499999989,0,1,0.9999999954222657,0.1607803565422134,-0.05575284077709903,111,34,0.7655172413793103,6.0,1.0,7.0,1.0
2022-03-11 11:59:00,42.211000000000006,43.19,39.435,40.738,ZEN-USDT,-0.0345301576016116,0,1,0.999999995831759,0.0982118095329965,-0.05151515150208769,97,48,0.6689655172413793,10.0,8.0,18.0,1.0
2022-03-12 11:59:00,153.36,159.8,144.71,145.2,ZEC-USDT,-0.05314639713074665,0,1,0.9999999990291274,0.0951264444816614,-0.03154585031915217,120,25,0.8275862068965517,1.0,1.0,2.0,1.0
2022-03-12 23:59:00,5.632000000000001,5.704,5.272,5.31,GTC-USDT,-0.0573406710456239,0,1,0.9999999313950168,0.05665722379603393,-0.037841426331863506,20,125,0.13793103448275862,4.0,1.0,5.0,1.0
2022-03-13 11:59:00,99.06,102.93,96.55,96.79,DASH-USDT,-0.023112636253532437,0,1,0.9999999984150861,0.06034614795527656,-0.014344899014566986,82,63,0.5655172413793104,2.0,3.0,5.0,1.0
2022-03-14 23:59:00,152.52,154.46,143.2,149.38,ZEC-USDT,-0.020523244377417815,0,1,0.9999999972992073,0.06691178906224136,-0.05408519552694939,123,22,0.8482758620689655,6.0,3.0,9.0,1.0
2022-03-17 11:59:00,33.958,34.871,32.545,32.723,AR-USDT,-0.03636845515048004,0,1,0.999999997792497,0.06829531650695107,-0.024443078806438836,55,91,0.3767123287671233,9.0,6.0,15.0,1.0
2022-03-17 23:59:00,1.4245,1.44,1.3427,1.3469,C98-USDT,-0.054674340258281884,0,1,0.999999880871117,0.0798066168777285,-0.032136739166331,49,98,0.3333333333333333,21.0,2.0,23.0,1.0
2022-03-18 11:59:00,155.5,157.99,147.19,148.16,AAVE-USDT,-0.04720257234726688,0,1,0.9999999996244924,0.08351445695844048,-0.03152388069627443,20,127,0.1360544217687075,5.0,6.0,11.0,1.0
2022-03-19 23:59:00,35.646,36.6,33.493,33.859,AR-USDT,-0.0499719416386083,0,1,0.9999999992347359,0.07906588584008403,-0.03751530169363235,99,48,0.673469387755102,14.0,5.0,19.0,1.0
2022-03-20 23:59:00,166.52,167.98,158.67,160.62,EGLD-USDT,-0.03531531531531529,0,1,0.9999999991236835,0.06517485937882118,-0.030818680277884192,47,100,0.3197278911564626,12.0,6.0,18.0,1.0
2022-03-21 11:59:00,41261.0,41481.1,40430.0,41218.7,BTC-USDT,-0.0010251811638108954,0,1,0.9999999999953686,0.022297607775004027,-0.020030917635413713,121,26,0.8231292517006803,1.0,23.0,24.0,1.0
2022-03-21 23:59:00,90.35,91.7,85.62,86.21,AVAX-USDT,-0.04582180409518544,0,1,0.9999999976588204,0.08841187131853193,-0.03106750758805578,50,97,0.3401360544217687,5.0,4.0,9.0,1.0
2022-03-22 23:59:00,2189.6,2202.9,2113.5,2118.4,YFII-USDT,-0.032782394301890116,0,1,0.9999999996984795,0.049087870770087756,-0.019304471256118182,28,119,0.19047619047619047,2.0,18.0,20.0,1.0
2022-03-23 11:59:00,375.14,384.2,352.86,360.4,BCH-USDT,-0.03926638765228063,0,1,0.9999999999160765,0.07023506858999629,-0.04224054865832785,96,51,0.6530612244897959,2.0,4.0,6.0,1.0
2022-03-23 23:59:00,47.383,47.996,43.31,45.125,ETC-USDT,-0.047634122662614464,0,1,0.9999999994154282,0.08759337131244115,-0.06796351880213362,128,19,0.8707482993197279,14.0,1.0,15.0,1.0
2022-03-24 11:59:00,31.935,32.47,30.053,31.03,WAVES-USDT,-0.0282475259927345,0,1,0.9999999983963531,0.058845017629681355,-0.047516054953743295,89,58,0.6054421768707483,12.0,8.0,20.0,1.0
2022-03-24 23:59:00,2238.5,2311.2,2203.0,2230.4,YFII-USDT,-0.0036184945275854474,0,1,0.9999999999742764,0.041397211841840295,-0.014275987289993713,112,35,0.7619047619047619,6.0,29.0,35.0,1.0
2022-03-25 11:59:00,191.96,194.97,187.0,190.53,EGLD-USDT,-0.0076045627376426506,0,1,0.9999999992510018,0.041357314650214416,-0.022780748661883638,115,32,0.782312925170068,12.0,13.0,25.0,1.0
2022-03-26 11:59:00,71.53,72.99,67.67,68.48,AXS-USDT,-0.042505592841163176,0,1,0.9999999991978901,0.06835714285714284,-0.0344318013840055,129,18,0.8775510204081632,4.0,1.0,5.0,1.0
2022-03-26 23:59:00,169.35,170.83,163.61,164.42,KSM-USDT,-0.02922595500974212,0,1,0.9999999983579806,0.03502201983282902,-0.020078234825494683,122,25,0.8299319727891157,5.0,3.0,8.0,1.0
2022-03-27 11:59:00,6.055,6.474,5.823,5.92,API3-USDT,-0.02197257558235588,0,1,0.999999989121143,0.1161780673181324,-0.0280783101011877,104,43,0.7074829931972789,10.0,7.0,17.0,1.0
2022-03-28 11:59:00,47.986,51.409,46.834,47.911,ETC-USDT,-0.0015837622689478525,0,1,0.999999999491696,0.0885524202798806,-0.023807490279753225,132,15,0.8979591836734694,16.0,12.0,28.0,1.0
2022-03-29 23:59:00,69.46,70.4,62.5,63.94,AXS-USDT,-0.07947019867549665,0,1,0.9999999994489461,0.09415292353823093,-0.06719999998924758,24,123,0.16326530612244897,14.0,1.0,15.0,1.0
2022-03-30 11:59:00,47435.4,47585.0,46556.0,47327.7,BTCBUSD,-0.0022704562415412077,0,1,0.9999999999939417,0.022967800757889945,-0.01773240828249444,127,20,0.8639455782312925,2.0,14.0,16.0,1.0
2022-03-30 23:59:00,0.53196,0.5386,0.47712,0.48307,DUSK-USDT,-0.09182004474441163,0,1,0.9999999076482564,0.1714615066306726,-0.0636527484982233,63,84,0.42857142857142855,31.0,1.0,32.0,1.0
2022-04-01 11:59:00,384.16,389.59,362.84,368.94,BCH-USDT,-0.039443880340545134,0,1,0.99999999985976,0.07483101602857783,-0.037688788445659586,61,87,0.41216216216216217,2.0,11.0,13.0,1.0
2022-04-03 11:59:00,115.096,118.114,112.711,114.474,LUNA-USDT,-0.005499231150147166,0,1,0.9999999971020647,0.05500455177039912,-0.018449840741502584,121,27,0.8175675675675675,18.0,18.0,36.0,1.0
2022-04-03 23:59:00,50.671,53.6,44.307,46.813,WAVES-USDT,-0.07613822502022849,0,1,0.9999999996582376,0.14023839809609778,-0.10009705010492785,109,39,0.7364864864864865,7.0,1.0,8.0,1.0
2022-04-04 11:59:00,16.803,17.676,15.721,15.854,NEAR-USDT,-0.056421854541126026,0,1,0.9999999972796496,0.08999877511024004,-0.038610775371407585,19,129,0.12837837837837837,8.0,9.0,17.0,1.0
2022-04-04 23:59:00,42.716,43.009,32.882,34.69,WAVES-USDT,-0.18791113608165366,0,1,0.999999997724826,0.19604170165488913,-0.17704215066691764,41,107,0.27702702702702703,27.0,1.0,28.0,1.0
2022-04-05 11:59:00,1.7404,1.8269,1.5876,1.6175,AUDIO-USDT,-0.07061595035623991,0,1,0.9999999526078739,0.19991661455076085,-0.05753968217725099,103,45,0.6959459459459459,11.0,2.0,13.0,1.0
2022-04-07 23:59:00,3.248,3.3,3.014,3.183,ANC-USDT,-0.02031394275161602,0,1,0.0,0.12406716417910447,-0.06702057044784164,57,91,0.38513513513513514,18.0,8.0,26.0,1.0
2022-04-09 23:59:00,20.573,20.668000000000003,18.126,18.361,BAL-USDT,-0.10773641753328811,0,1,0.9999999984963305,0.09751149233416358,-0.0741200485081553,124,25,0.8322147651006712,1.0,1.0,2.0,1.0
2022-04-12 23:59:00,1.0925,1.1,0.9918,1.0388,AUDIO-USDT,-0.04906627608934466,0,1,0.9999998848055124,0.09004316816816813,-0.07441016258912954,33,114,0.22448979591836735,12.0,2.0,14.0,1.0
2022-04-13 11:59:00,2.3907,2.7787,2.245,2.2498,MTL-USDT,-0.059408838162130606,0,1,0.9999999963376079,0.18146368787297754,-0.03378619138625303,23,124,0.1564625850340136,2.0,2.0,4.0,1.0
2022-04-14 11:59:00,109.3,112.88,105.75,106.53,BNX-USDT,-0.02525391161130941,0,1,0.9999999984355515,0.05592623482531736,-0.020425531912962095,34,113,0.23129251700680273,2.0,16.0,18.0,1.0
2022-04-15 11:59:00,2.0924,2.24,1.952,1.9774,MTL-USDT,-0.054870471274256816,0,1,0.9999999774659148,0.09602909376842945,-0.042418032569579635,119,29,0.8040540540540541,10.0,1.0,11.0,1.0
2022-04-15 23:59:00,5.745,5.763999999999999,5.31,5.359,SNX-USDT,-0.06702646239554311,0,1,0.9999999702953948,0.09790146807169225,-0.04548022590305115,95,53,0.6418918918918919,6.0,1.0,7.0,1.0
2022-04-16 11:59:00,239.24,239.62,227.71,231.0,XMR-USDT,-0.03452311293153887,0,1,0.9999999995264168,0.04378428954195554,-0.03258530587007167,65,83,0.4391891891891892,2.0,5.0,7.0,1.0
2022-04-16 23:59:00,42.802,42.849,41.266000000000005,41.804,FTTBUSD,-0.02320256092716766,0,1,0.9999999980380014,0.025295209276485934,-0.025069064114508394,60,88,0.40540540540540543,11.0,5.0,16.0,1.0
2022-04-17 11:59:00,1886.4,1922.1,1813.4,1839.2,MKR-USDT,-0.02512456270539587,0,1,0.9999999999574957,0.04648666058296203,-0.02729679055901934,75,73,0.5067567567567568,1.0,5.0,6.0,1.0
2022-04-19 11:59:00,266.26,268.96,252.46,252.87,XMR-USDT,-0.050289191016299806,0,1,0.9999999996462158,0.09881917824051775,-0.028143072168733442,79,69,0.5337837837837838,1.0,1.0,2.0,1.0
2022-04-20 11:59:00,17.418,17.835,16.806,17.29,NEAR-USDT,-0.007291726474134563,0,1,0.9999999961221839,0.05353386924827845,-0.03257765081960171,131,18,0.8791946308724832,26.0,7.0,33.0,1.0
2022-04-21 11:59:00,5.263,6.348,4.663,4.723,API3-USDT,-0.10260307809234281,0,1,0.999999999129082,0.22882034848788307,-0.07076989047658165,133,16,0.8926174496644296,12.0,1.0,13.0,1.0
2022-04-22 11:59:00,278.44,289.65,270.24,271.92,XMR-USDT,-0.023451247979888623,0,1,0.9999999998521338,0.06728201028399075,-0.018298549436859435,132,17,0.8859060402684564,1.0,6.0,7.0,1.0
2022-04-22 23:59:00,0.03181,0.03199,0.02655,0.0266199999999999,LINA-USDT,-0.16315624017604835,0,1,0.9999991575324002,0.1742255690569916,-0.10037661002763984,15,134,0.10067114093959731,9.0,1.0,10.0,1.0
2022-04-23 11:59:00,2.001,2.014,1.945,1.954,ANC-USDT,-0.02300000000000002,0,1,0.0,0.04097116843702567,-0.016452442074794543,62,87,0.4161073825503356,21.0,3.0,24.0,1.0
2022-04-24 11:59:00,5.23,5.31,4.874,4.893,KNC-USDT,-0.06461479640604095,0,1,0.9999999596256524,0.07447649150533392,-0.03857201469312261,63,86,0.4228187919463087,8.0,1.0,9.0,1.0
2022-04-24 23:59:00,1.1436,1.1573,1.0517,1.0664,STORJ-USDT,-0.06750612102133613,0,1,0.999999973256961,0.08755656108597275,-0.05067985118684168,18,131,0.12080536912751678,14.0,1.0,15.0,1.0
2022-04-26 11:59:00,19.323,19.56,17.768,17.991,APE-USDT,-0.06898157731318577,0,1,0.9999999956203646,0.11716467908347838,-0.05006190902180226,46,103,0.3087248322147651,7.0,1.0,8.0,1.0
2022-04-27 23:59:00,28.003,28.339,25.844,26.497,AR-USDT,-0.053746160988500824,0,1,0.9999999929751758,0.08315748912824093,-0.054383996264360863,120,29,0.8053691275167785,3.0,1.0,4.0,1.0
2022-04-28 23:59:00,4.0483,4.146,3.5655,3.7583,GMT-USDT,-0.07163500728700933,0,1,0.9999999952938685,0.12832731278661638,-0.09474127024332828,22,127,0.1476510067114094,13.0,3.0,16.0,1.0
2022-04-30 11:59:00,5.2169,5.3527,4.7261,4.7731,KAVA-USDT,-0.08506967739462123,0,1,0.9999999921176025,0.10047047047047052,-0.05689680697214012,89,61,0.5933333333333334,3.0,1.0,4.0,1.0
2022-05-01 11:59:00,123.1,129.0,110.08,115.89,BNX-USDT,-0.058493785035339974,0,1,0.9999999998781924,0.17453343376014732,-0.08548328487595548,119,31,0.7933333333333333,1.0,6.0,7.0,1.0
2022-05-02 23:59:00,0.34986,0.3715699999999999,0.31475,0.33282,WOO-USDT,-0.04870519636425996,0,1,0.999999947684777,0.11444600691392735,-0.08447974314599706,131,19,0.8733333333333333,18.0,1.0,19.0,1.0
2022-05-05 11:59:00,7.448,7.77,7.11,7.142,RUNE-USDT,-0.040956089700550535,0,1,0.9999999925185197,0.11104256631708818,-0.025949367052110327,26,124,0.17333333333333334,7.0,9.0,16.0,1.0
2022-05-07 11:59:00,2.131,2.196,1.878,1.928,ANC-USDT,-0.09483568075117366,0,1,0.9999999915659058,0.11729916214884185,-0.0804046854078558,36,115,0.23841059602649006,3.0,1.0,4.0,1.0
2022-05-08 11:59:00,21.751,22.567,20.406,20.709,LPT-USDT,-0.04729263467819844,0,1,0.9999999977988319,0.09732365829524574,-0.04003724392823815,94,57,0.6225165562913907,2.0,5.0,7.0,1.0
2022-05-12 23:59:00,0.1632,0.173,0.1486,0.1578,ALPHA-USDT,-0.03368034292712796,0,1,0.0,0.229523512924323,-0.08041722204459915,120,29,0.8053691275167785,11.0,10.0,21.0,1.0
2022-05-15 11:59:00,1.84,1.919,1.705,1.787,API3-USDT,-0.028804347826087096,0,1,0.0,0.15825751309622285,-0.06363636326312946,113,37,0.7533333333333333,17.0,7.0,24.0,1.0
2022-05-16 23:59:00,168.15,175.89,161.51,162.38,XMR-USDT,-0.03402736466389056,0,1,0.9999999992783203,0.08759985475671753,-0.023094545227967056,57,93,0.38,1.0,18.0,19.0,1.0
2022-05-17 23:59:00,1628.7,1654.9,1480.7,1570.8,MKR-USDT,-0.035609037328094284,0,1,0.9999999999771462,0.10966995874484314,-0.08043492942472778,125,26,0.8278145695364238,1.0,2.0,3.0,1.0
2022-05-19 11:59:00,119.18,121.7,104.7,109.7,BNX-USDT,-0.07946630863472348,0,1,0.999999999747379,0.10267837637086555,-0.09297994268452914,130,23,0.8496732026143791,1.0,2.0,3.0,1.0
2022-05-20 11:59:00,2.651,2.764,2.455,2.519,GTC-USDT,-0.049792531120331884,0,1,0.9999999738707248,0.132495164410058,-0.05295315660711577,121,32,0.7908496732026143,13.0,2.0,15.0,1.0
2022-05-21 11:59:00,15.554,16.12,14.735,14.982,LPT-USDT,-0.03689894574440733,0,1,0.999999983329192,0.10324841181478828,-0.03624024429165908,115,38,0.7516339869281046,2.0,4.0,6.0,1.0
2022-05-22 11:59:00,2.904,3.197,2.783,2.825,GTC-USDT,-0.02619786280592884,0,1,0.9999999930020179,0.16678309465595526,-0.02874595749642163,132,21,0.8627450980392157,22.0,10.0,32.0,1.0
2022-05-22 23:59:00,2.462,2.577,2.361,2.445,UNFI-USDT,-0.006904955320877426,0,1,0.9999999778008413,0.08070103933156732,-0.03917831410767085,126,27,0.8235294117647058,11.0,8.0,19.0,1.0
2022-05-24 11:59:00,0.006501,0.007412,0.006055,0.006254,RSR-USDT,-0.03799415474542378,0,1,0.9999963156864611,0.32254018032144266,-0.053261679171462954,94,61,0.6064516129032258,16.0,8.0,24.0,1.0
2022-05-24 23:59:00,14.579,14.695,13.049,13.584,LPT-USDT,-0.06863215632499153,0,1,0.9999999939405899,0.08566154283077149,-0.07935473976599382,136,19,0.8774193548387097,15.0,1.0,16.0,1.0
2022-05-25 23:59:00,0.316,0.4295,0.296,0.3086,ANCBUSD,-0.02403542061986086,0,1,0.999999983866805,0.3135403329065301,-0.05540540353360132,124,33,0.7898089171974523,3.0,8.0,11.0,1.0
2022-05-26 23:59:00,1.1701,1.2564,0.8222,0.892,GMTBUSD,-0.2375416702282246,0,1,0.9999999945014031,0.3332363354187884,-0.2538919939930431,66,91,0.42038216560509556,16.0,1.0,17.0,1.0
2022-05-27 11:59:00,0.2889,0.2943,0.1676,0.2374,ANCBUSD,-0.1788308543756486,0,1,0.9999999553407852,0.3849952516619184,-0.5707040232276835,45,112,0.28662420382165604,5.0,1.0,6.0,1.0
2022-05-27 23:59:00,0.2374,0.2498,0.1982,0.211,ANCBUSD,-0.11120471777590568,0,1,0.0,0.39763603925066904,-0.13118061901207786,16,141,0.10191082802547771,14.0,1.0,15.0,1.0
2022-05-28 11:59:00,0.4563,0.4639,0.4475,0.4568,ADA-USDT,0.0010957703265395136,1,0,0.0,0.05497754900887083,-0.020223463235230124,138,19,0.8789808917197452,7.0,20.0,27.0,1.0
2022-05-28 23:59:00,0.2837,0.3082,0.2557,0.2623,ANCBUSD,-0.07543179414874879,0,1,0.0,0.3930402930402931,-0.06765740838258076,136,21,0.8662420382165605,16.0,1.0,17.0,1.0
2022-05-29 11:59:00,0.422,0.4239,0.4032,0.4148,KLAY-USDT,-0.01729447998104705,0,1,0.9999992171956475,0.03692197395148762,-0.03782241969686428,102,55,0.6496815286624203,19.0,8.0,27.0,1.0
2022-05-31 11:59:00,13.83,14.8,11.7,11.89,TRB-USDT,-0.14027476500361524,0,1,0.9999999992883071,0.2935458786936234,-0.0991452990605608,62,96,0.3924050632911392,9.0,1.0,10.0,1.0
2022-05-31 23:59:00,120.74,121.46,112.05,112.9,AAVE-USDT,-0.06524258983275377,0,1,0.999999997459368,0.08147894556658684,-0.042748772865438434,50,108,0.31645569620253167,13.0,2.0,15.0,1.0
2022-06-01 11:59:00,3.462,3.492,2.95,3.011,GTC-USDT,-0.13102453102453093,0,1,0.9999999903510853,0.25277949351451506,-0.09762711831312865,46,113,0.2893081761006289,11.0,2.0,13.0,1.0
2022-06-02 23:59:00,0.03955,0.04125,0.03782,0.03931,ANKR-USDT,-0.006068268015170797,0,1,0.9999856630263094,0.09130103981739804,-0.042570057490729896,122,38,0.7625,10.0,19.0,29.0,1.0
2022-06-03 23:59:00,0.8897,0.8909,0.8585,0.8716,1INCH-USDT,-0.02045403461452011,0,1,0.0,0.04996025888497795,-0.02585905619267028,128,32,0.8,14.0,3.0,17.0,1.0
2022-06-04 11:59:00,1.0647,1.065,0.893,0.9134,BEL-USDT,-0.1421057574903729,0,1,0.9999999619293963,0.19265962287043126,-0.10755878938903915,75,85,0.46875,5.0,1.0,6.0,1.0
2022-06-04 23:59:00,0.0939,0.0941,0.0913,0.0927,1000LUNCBUSD,-0.01382978723404249,0,1,0.0,0.052490626673808265,-0.022453447704989256,134,26,0.8375,13.0,8.0,21.0,1.0
2022-06-05 11:59:00,6.3825,6.3863,4.4691,4.8346,LUNA2BUSD,-0.24249878570421324,0,1,0.9999999990254471,0.19188902459681376,-0.2549394727015741,33,127,0.20625,2.0,1.0,3.0,1.0
2022-06-05 23:59:00,187.44,190.29,178.0,179.81,BCH-USDT,-0.040706359368331224,0,1,0.9999999997686455,0.046371681415929206,-0.031601123593730275,104,56,0.65,3.0,3.0,6.0,1.0
2022-06-06 23:59:00,307.59,309.05,286.8,294.77,BNB-USDT,-0.04167885822035822,0,1,0.9999999999066435,0.05979812736569489,-0.05013947001219894,30,130,0.1875,8.0,6.0,14.0,1.0
2022-06-08 11:59:00,18.784,20.8,8.36,10.738,UNFI-USDT,-0.42828239804067725,0,1,0.9999999980029526,1.799322493224933,-0.7655502383187192,70,91,0.43478260869565216,1.0,1.0,2.0,1.0
2022-06-08 23:59:00,3.6175,3.6204,1.7645,2.0357,LUNA2BUSD,-0.437558711388628,0,1,0.9999999970157765,0.4437587310569221,-0.6024652842025204,27,134,0.16770186335403728,2.0,1.0,3.0,1.0
2022-06-09 11:59:00,0.0534899999999999,0.05357,0.05126,0.05193,1000XEC-USDT,-0.02880119693285954,0,1,0.0,0.034724857685009526,-0.02809207411391447,126,37,0.7730061349693251,35.0,6.0,41.0,1.0
2022-06-09 23:59:00,0.17092,0.17709,0.15825,0.16103,WOO-USDT,-0.057587639726107476,0,1,0.9999995619719704,0.09304007231093701,-0.04865718491897716,35,128,0.2147239263803681,15.0,3.0,18.0,1.0
2022-06-10 11:59:00,9.266,9.539,8.735,8.858,LINK-USDT,-0.04392876416621694,0,1,0.9999999941730904,0.07669811841306637,-0.03737836286504964,30,133,0.18404907975460122,4.0,7.0,11.0,1.0
2022-06-13 23:59:00,1.7419,1.7756,1.3768,1.4532,MTL-USDT,-0.16573856134106435,0,1,0.9999999915880681,0.18810052893493165,-0.1603355595559587,141,22,0.8650306748466258,2.0,1.0,3.0,1.0
2022-06-14 11:59:00,0.03825,0.03953,0.03372,0.03667,1000XEC-USDT,-0.041557762676424526,0,1,0.0,0.12331509408781398,-0.11106165152382808,56,107,0.34355828220858897,24.0,19.0,43.0,1.0
2022-06-14 23:59:00,0.985,1.085,0.795,0.8540000000000001,LIT-USDT,-0.13211382113821124,0,1,0.9999999714509048,0.25462459194776954,-0.15597484080534676,128,35,0.7852760736196319,2.0,1.0,3.0,1.0
2022-06-17 23:59:00,0.3501,0.362,0.3227,0.3307,SFP-USDT,-0.05541273921736656,0,1,0.9999996348788417,0.12705640423031708,-0.05484970390921465,34,129,0.2085889570552147,4.0,3.0,7.0,1.0
2022-06-18 23:59:00,10.659,10.748,9.276,10.127,HNT-USDT,-0.04982173015575142,0,1,0.9999999949646405,0.1444310801058455,-0.12036438106903387,67,96,0.4110429447852761,15.0,8.0,23.0,1.0
2022-06-20 23:59:00,2.341,2.358,2.127,2.184,ALICE-USDT,-0.06666666666666654,0,1,0.9999999676203405,0.1136162687886829,-0.0634696753010343,28,135,0.17177914110429449,10.0,3.0,13.0,1.0
2022-06-21 11:59:00,900.8,953.3,880.9,906.0,MKR-USDT,0.005437798246587411,1,0,0.9999999988599266,0.07907697415748999,-0.02571233965233479,146,17,0.8957055214723927,12.0,23.0,35.0,1.0
2022-06-21 23:59:00,41.02,44.65,38.86,39.4,COMP-USDT,-0.0399610136452242,0,1,0.9999999994527976,0.19331178518150247,-0.03499742665079436,46,117,0.2822085889570552,3.0,12.0,15.0,1.0
2022-06-22 11:59:00,6.92,7.25,6.105,6.498,WAVES-USDT,-0.06084694319988426,0,1,0.9999999975972085,0.2019825594395167,-0.09885339869147819,18,145,0.11042944785276074,4.0,3.0,7.0,1.0
2022-06-22 23:59:00,3.3160000000000003,3.417,2.955,2.969,SNX-USDT,-0.10464414957780466,0,1,0.999999981737697,0.1581543357199679,-0.06345177643502058,27,136,0.1656441717791411,9.0,1.0,10.0,1.0
2022-06-23 23:59:00,1.9611,1.9745,1.775,1.94,LUNA2BUSD,-0.010759267757891045,0,1,0.9999999818716214,0.07397913409038476,-0.09890140789351314,136,27,0.8343558282208589,22.0,9.0,31.0,1.0
2022-06-24 11:59:00,3.109,3.3360000000000003,2.95,3.005,SNX-USDT,-0.03345127050498553,0,1,0.9999999825085731,0.10385999345763805,-0.03627118631772591,146,17,0.8957055214723927,30.0,2.0,32.0,1.0
2022-06-24 23:59:00,119.59,121.02,113.12,114.07,BCH-USDT,-0.046077939454758354,0,1,0.9999999995068699,0.05636635994008127,-0.032752828851418454,130,33,0.7975460122699386,11.0,2.0,13.0,1.0
2022-06-25 11:59:00,10.571,10.63,9.581,9.605,LPT-USDT,-0.09155395819540335,0,1,0.9999999963184808,0.15972841708791763,-0.05302160520507114,77,86,0.4723926380368098,8.0,2.0,10.0,1.0
2022-06-25 23:59:00,72.8,73.34,66.45,69.91,AAVE-USDT,-0.03996154902499305,0,1,0.9999999990585751,0.09101099978981318,-0.07396538749827233,117,46,0.7177914110429447,17.0,4.0,21.0,1.0
2022-06-26 11:59:00,16.155,16.307000000000002,15.509,16.006,ZEN-USDT,-0.009529702970296983,0,1,0.9999999897328072,0.06018777591245426,-0.03701076791733033,141,22,0.8650306748466258,21.0,6.0,27.0,1.0
2022-06-27 23:59:00,2.5785,2.7446,2.0897,2.221,LUNA2BUSD,-0.13871330515375957,0,1,0.9999999967916321,0.31051940746296647,-0.14841843255769507,20,143,0.12269938650306748,4.0,1.0,5.0,1.0
2022-06-28 11:59:00,0.7882,0.8485,0.7354,0.7493,STORJ-USDT,-0.04923233092247181,0,1,0.9999999649841684,0.10348640561987771,-0.04528147885121745,112,51,0.6871165644171779,17.0,1.0,18.0,1.0
2022-06-29 11:59:00,0.987,1.0739,0.9072,0.9261,BEL-USDT,-0.0617971836693344,0,1,0.9999999864501888,0.13992264269287077,-0.05445326218636175,49,115,0.29878048780487804,5.0,1.0,6.0,1.0
2022-06-29 23:59:00,122.06,124.96,116.52,118.86,XMR-USDT,-0.0264558931935458,0,1,0.9999999987374982,0.057895829010168154,-0.03394267078321712,76,88,0.4634146341463415,2.0,16.0,18.0,1.0
2022-07-01 23:59:00,2.265,2.301,2.206,2.224,ALICE-USDT,-0.01766784452296799,0,1,0.0,0.058600713012477795,-0.017225747882021206,126,39,0.7636363636363637,18.0,8.0,26.0,1.0
2022-07-02 11:59:00,1.689,1.718,1.515,1.541,MASK-USDT,-0.08762581409117831,0,1,0.9999999751230864,0.09349845201238398,-0.06600660022437894,51,114,0.3090909090909091,1.0,1.0,2.0,1.0
2022-07-02 23:59:00,117.24,118.99,113.2,116.0,XMR-USDT,-0.010323351249893253,0,1,0.9999999970079699,0.04330860597744524,-0.030079505297695038,144,21,0.8727272727272727,4.0,7.0,11.0,1.0
2022-07-03 11:59:00,6020.0,6065.0,5577.0,5698.0,YFI-USDT,-0.05348837209302326,0,1,0.99999999998779,0.10411332991978153,-0.05056481979549836,28,137,0.1696969696969697,1.0,4.0,5.0,1.0
2022-07-03 23:59:00,116.59,118.65,114.51,117.05,BNX-USDT,0.0033430481741814067,1,0,0.9999999992630534,0.03589919130546404,-0.020478560822593653,145,20,0.8787878787878788,5.0,31.0,36.0,1.0
2022-07-04 11:59:00,42.77,43.22,41.5,43.12,DASH-USDT,0.008419083255378768,1,0,0.9999999842586194,0.04378202142524459,-0.0346987951723598,148,17,0.896969696969697,34.0,34.0,68.0,1.0
2022-07-05 23:59:00,49.53,51.36,47.86,49.67,LTC-USDT,0.002826569755703723,1,0,0.9999999986800095,0.06612903225806444,-0.03635603843787129,144,21,0.8727272727272727,15.0,26.0,41.0,1.0
2022-07-06 11:59:00,0.965,0.988,0.914,0.93,LIT-USDT,-0.037267080745341574,0,1,0.9999995821691208,0.09651898734177215,-0.03719912431948335,105,60,0.6363636363636364,24.0,2.0,26.0,1.0
2022-07-06 23:59:00,0.1157,0.1157,0.1061,0.1121,1000LUNCBUSD,-0.030276816608996393,0,1,0.0,0.06938954765041724,-0.07304429094775776,142,23,0.8606060606060606,41.0,2.0,43.0,1.0
2022-07-07 11:59:00,1.0138,1.0245,0.9652,0.9868,IMX-USDT,-0.026632471887946374,0,1,0.999999922130509,0.045836249125262414,-0.036365519722694827,119,48,0.7125748502994012,18.0,4.0,22.0,1.0
2022-07-08 23:59:00,129.41,130.63,125.08,125.28,XMR-USDT,-0.03191407155552117,0,1,0.9999999988486278,0.04495661392280817,-0.01810841061575634,73,94,0.437125748502994,8.0,5.0,13.0,1.0
2022-07-09 11:59:00,0.1399,0.1402,0.1134,0.1284,ANCBUSD,-0.08285714285714307,0,1,0.9999999393069021,0.11214605067064078,-0.18342150058011472,137,30,0.8203592814371258,23.0,1.0,24.0,1.0
2022-07-09 23:59:00,7.36,7.645,6.811,6.902,UNFI-USDT,-0.06210082891697244,0,1,0.9999999777201445,0.09816983381249565,-0.04690941117763915,126,41,0.7544910179640718,12.0,1.0,13.0,1.0
2022-07-12 11:59:00,11.977,12.254,10.782,11.032,AR-USDT,-0.0785935020462708,0,1,0.9999999982586392,0.09950010867202792,-0.06682433679574695,72,95,0.4311377245508982,1.0,2.0,3.0,1.0
2022-07-13 23:59:00,124.65,126.0,117.37,124.14,XMR-USDT,-0.004011553273427504,0,1,0.9999999995704382,0.04976284267224056,-0.05981085455739775,146,23,0.863905325443787,12.0,15.0,27.0,1.0
2022-07-15 11:59:00,91.13,95.64,89.24,90.93,AAVE-USDT,-0.002194666959288827,0,1,0.9999999948078747,0.1199055256508845,-0.02005826983190589,112,57,0.6627218934911243,6.0,45.0,51.0,1.0
2022-07-15 23:59:00,14.39,14.886,13.708,14.023,AR-USDT,-0.025571537766659658,0,1,0.9999999941894548,0.062363623565847896,-0.03640210093638485,78,91,0.46153846153846156,7.0,8.0,15.0,1.0
2022-07-16 11:59:00,6.625,6.648,5.855,6.031,CVXBUSD,-0.0897977663748869,0,1,0.9999999907674363,0.10950462194832893,-0.0808710502461638,31,138,0.1834319526627219,5.0,2.0,7.0,1.0
2022-07-17 11:59:00,63.19,63.98,60.12,60.62,ZEC-USDT,-0.04097452934662238,0,1,0.9999999990101136,0.06638132924170237,-0.0298569527561783,92,77,0.5443786982248521,10.0,3.0,13.0,1.0
2022-07-17 23:59:00,1.167,1.172,1.073,1.078,CRV-USDT,-0.07626392459297338,0,1,0.9999999651712013,0.06146993318485531,-0.04613233880584928,17,152,0.10059171597633136,21.0,1.0,22.0,1.0
2022-07-18 23:59:00,20.89,26.9,16.21,17.81,TRB-USDT,-0.14743896601244622,0,1,0.9999999998697182,0.39095607235142077,-0.1937075877892004,149,20,0.8816568047337278,7.0,1.0,8.0,1.0
2022-07-19 11:59:00,1580.12,1640.0,1492.57,1541.24,ETH-USDT,-0.024605726147381102,0,1,0.9999999999827329,0.09438834354255846,-0.04563270064354965,95,74,0.5621301775147929,4.0,21.0,25.0,1.0
2022-07-19 23:59:00,7.125,7.129,6.456,6.541,UNFI-USDT,-0.08196491228070168,0,1,0.9999999905085696,0.11349334113859222,-0.05839529111153059,127,42,0.7514792899408284,24.0,1.0,25.0,1.0
2022-07-20 11:59:00,6.298,6.621,6.046,6.154,WAVES-USDT,-0.022864401397268974,0,1,0.9999999927334744,0.08737552200449715,-0.029771749868060055,102,70,0.5930232558139535,15.0,8.0,23.0,1.0
2022-07-21 11:59:00,1.5337,1.543,1.3983,1.4611,MTL-USDT,-0.04770905298833339,0,1,0.9999999663871734,0.1287974894838752,-0.07108631859338933,24,148,0.13953488372093023,4.0,3.0,7.0,1.0
2022-07-23 11:59:00,148.85,151.24,142.29,142.45,XMR-USDT,-0.04306059384656746,0,1,0.9999999995185289,0.04874532285194475,-0.023648886076066026,33,139,0.19186046511627908,3.0,6.0,9.0,1.0
2022-07-24 11:59:00,0.1856,0.1894,0.1809,0.182,ATA-USDT,-0.019924609585352804,0,1,0.0,0.05466412836551553,-0.01630735122678826,147,25,0.8546511627906976,37.0,5.0,42.0,1.0
